1,-10,4,-0.0861573,-0.270659
1,-10,6,-0.0907528,-0.020576
1,-10,5,-0.088127,0.227479
1,-10,3,-0.0848181,-0.0456952
1,-10,1,-0.083174,-0.0527341
1,-10,2,-0.0838549,0.0930033
1,-10,8,-0.0861309,0.123387
1,-10,9,-0.0786999,0.588252
1,-9,1,-0.0925357,-0.319212
1,-10,7,-0.08995,0.0454025
1,-9,2,-0.093126,0.288375
1,-10,10,-0.0722078,0.361471
1,-9,3,-0.0944219,0.0998076
1,-9,7,-0.0963427,0.0511802
1,-9,4,-0.0965025,0.200456
1,-9,8,-0.0881133,0.0289802
1,-9,6,-0.0999234,-1.91426
1,-9,5,-0.0992796,-0.120758
1,-9,9,-0.080119,-0.00598421
1,-8,4,-0.109525,-0.779918
1,-8,2,-0.104903,-0.0499936
1,-9,10,-0.0732123,0.101191
1,-8,3,-0.106823,0.552204
1,-8,1,-0.10363,0.0864282
1,-8,5,-0.112044,0.0883967
1,-8,7,-0.100153,-0.145251
1,-8,6,-0.108453,-0.0646713
1,-8,10,-0.0741464,0.116616
1,-8,8,-0.0898616,-0.05192
1,-8,9,-0.0812142,-0.048958
1,-7,1,-0.118581,-0.961617
1,-7,2,-0.119891,0.438055
1,-7,4,-0.126719,0.0835748
1,-7,5,-0.123489,0.189061
1,-7,3,-0.122624,0.109685
1,-7,6,-0.115564,-0.300694
1,-7,7,-0.102159,0.386411
1,-7,8,-0.0912953,-0.0175818
1,-7,9,-0.0825198,0.0357951
1,-6,1,-0.137368,-0.135463
1,-7,10,-0.0749639,-0.305151
1,-6,3,-0.144829,-0.146814
1,-6,2,-0.140215,0.774832
1,-6,4,-0.14323,-0.0831429
1,-6,7,-0.104361,-0.178918
1,-6,6,-0.118472,-0.0519481
1,-6,5,-0.135146,0.284744
1,-6,8,-0.0927968,-0.00557319
1,-6,9,-0.083321,0.00156333
1,-6,10,-0.0759293,0.0279079
1,-5,3,-0.170297,-0.213736
1,-5,1,-0.164933,-0.0871313
1,-5,2,-0.168603,0.785756
1,-5,5,-0.141347,-0.236034
1,-5,4,-0.160384,0.302826
1,-5,6,-0.121527,-1.37338
1,-5,7,-0.1058,-0.11516
1,-4,1,-0.203186,-0.205144
1,-5,9,-0.0844607,0.0987029
1,-5,10,-0.0763416,-0.411948
1,-5,8,-0.0941035,1.29996
1,-4,3,-0.194859,0.506277
1,-4,2,-0.208933,-0.509984
1,-4,4,-0.174527,0.162866
1,-4,5,-0.144717,0.126213
1,-4,7,-0.107909,0.11748
1,-4,6,-0.12349,0.0173885
1,-4,9,-0.0853462,0.534972
1,-4,8,-0.0948184,-18.2142
1,-4,10,-0.0770302,-2.30774
1,-3,3,-0.223086,0.194763
1,-3,1,-0.2684,2.27904
1,-3,2,-0.246732,0.181739
1,-3,5,-0.148805,-0.15445
1,-3,4,-0.178902,-0.406331
1,-3,8,-0.0961219,-0.0384493
1,-3,9,-0.0856796,-0.00731167
1,-3,6,-0.125255,-0.0417614
1,-3,7,-0.108877,-0.146752
1,-2,1,-0.332799,-1.28257
1,-3,10,-0.0776723,0.0505524
1,-2,2,-0.292765,0.0297509
1,-2,5,-0.149852,-0.0349264
1,-2,4,-0.184253,-0.032041
1,-2,3,-0.236726,1.1282
1,-2,7,-0.109422,-0.0180204
1,-2,6,-0.127603,0.0519395
1,-2,8,-0.0969087,0.00524902
1,-2,9,-0.0861001,-0.492065
1,-2,10,-0.0780707,-0.29853
1,-1,1,-0.358696,-0.116128
1,-1,2,-0.337711,-0.187335
1,-1,4,-0.188541,0.774696
1,-1,3,-0.237718,-0.518674
1,-1,5,-0.151089,-1.63981
1,-1,6,-0.12842,0.0477532
1,-1,7,-0.110071,0.308364
1,-1,8,-0.0973201,0.0234793
1,-1,9,-0.0863842,0.0406719
1,-1,10,-0.078256,0.0702678
1,0,1,-0.367,0.746266
1,0,2,-0.349857,0.377432
1,0,3,-0.24011,-0.0563808
1,0,4,-0.188906,-0.0855114
1,0,5,-0.151737,0.149894
1,0,6,-0.128759,-0.184325
1,0,7,-0.110281,-0.0234285
1,0,8,-0.0973974,-0.00724516
1,0,10,-0.0783199,-0.0353725
1,0,9,-0.0865267,-0.296877
1,1,1,-0.358696,-0.116128
1,1,2,-0.337711,-0.187335
1,1,3,-0.237718,-0.518678
1,1,5,-0.151089,-1.63981
1,1,4,-0.188541,0.774695
1,1,6,-0.12842,0.0477532
1,1,7,-0.110071,0.308366
1,1,8,-0.0973201,0.0234793
1,1,9,-0.0863842,0.0406719
1,1,10,-0.078256,0.0702678
1,2,1,-0.332799,-1.28259
1,2,2,-0.292765,0.0297509
1,2,3,-0.236726,1.12828
1,2,4,-0.184253,-0.0320412
1,2,5,-0.149852,-0.0349264
1,2,6,-0.127603,0.0519395
1,2,10,-0.0780707,-0.29853
1,2,8,-0.0969087,0.00524943
1,2,7,-0.109422,-0.0180204
1,2,9,-0.0861001,-0.492065
1,3,1,-0.2684,2.27904
1,3,2,-0.246732,0.18174
1,3,3,-0.223086,0.194763
1,3,4,-0.178902,-0.406244
1,3,6,-0.125255,-0.0417614
1,3,5,-0.148805,-0.15445
1,3,7,-0.108877,-0.146754
1,3,9,-0.0856796,-0.00731169
1,3,8,-0.0961219,-0.0384493
1,3,10,-0.0776723,0.0505524
1,4,1,-0.203186,-0.205144
1,4,2,-0.208933,-0.509984
1,4,3,-0.194859,0.506277
1,4,4,-0.174527,0.162866
1,4,6,-0.12349,0.0173884
1,4,5,-0.144717,0.126213
1,4,7,-0.107909,0.11748
1,4,8,-inf,-inf
1,5,1,-0.164933,-0.0871313
1,4,9,-0.0853462,0.534963
1,5,2,-0.168603,0.785726
1,4,10,-0.0770302,-2.31194
1,5,3,-0.170297,-0.213736
1,5,4,-0.160384,0.302826
1,5,5,-0.141347,-0.236034
1,5,8,-0.0941035,1.29996
1,5,6,-0.121527,-1.3725
1,5,7,-0.1058,-0.115161
1,5,9,-0.0844607,0.0987029
1,5,10,-0.0763416,-0.411949
1,6,1,-0.137368,-0.135463
1,6,4,-0.14323,-0.083071
1,6,3,-0.144829,-0.146814
1,6,2,-0.140215,0.774832
1,6,5,-0.135146,0.284742
1,6,6,-0.118472,-0.0519481
1,6,8,-0.0927968,-0.00557333
1,6,7,-0.104361,-0.178917
1,6,10,-0.0759293,0.0279079
1,6,9,-0.083321,0.00156333
1,7,2,-0.119891,0.43805
1,7,1,-0.118581,-0.961628
1,7,4,-0.126719,0.0835748
1,7,5,-0.123489,0.189059
1,7,3,-0.122624,0.109676
1,7,6,-0.115564,-0.300694
1,7,7,-0.102159,0.386337
1,7,9,-0.0825198,0.0357956
1,7,8,-0.0912953,-0.0175818
1,8,1,-0.10363,0.0864282
1,8,2,-0.104903,-0.0499936
1,7,10,-0.0749639,-0.305151
1,8,3,-0.106823,0.552204
1,8,4,-0.109525,-0.779918
1,8,6,-0.108453,-0.0646713
1,8,5,-0.112044,0.0883973
1,8,8,-0.0898616,-0.05192
1,8,7,-0.100153,-0.145251
1,8,10,-0.0741464,0.116616
1,9,1,-0.0925357,-0.319225
1,9,3,-0.0944219,0.0998076
1,9,2,-0.093126,0.288376
1,8,9,-0.0812142,-0.048958
1,9,4,-0.0965025,0.200261
1,9,5,-0.0992796,-0.120758
1,9,9,-0.080119,-0.00598419
1,9,7,-0.0963427,0.0511803
1,9,6,-0.0999234,-1.91434
1,9,8,-0.0881133,0.0289799
1,9,10,-0.0732123,0.101267
1,10,2,-0.0838549,0.0930033
1,10,4,-0.0861573,-0.270659
1,10,3,-0.0848181,-0.0456952
1,10,1,-0.083174,-0.0527343
1,10,5,-0.088127,0.227479
1,10,6,-0.0907528,-0.020576
1,10,8,-0.0861309,0.123387
1,10,10,-0.0722078,0.361471
1,10,7,-0.08995,0.0454024
1,10,9,-0.0786999,0.588419
2,-10,1,-0.0827396,0.0281293
2,-10,2,-0.083142,-0.043534
2,-10,5,-0.0873537,-0.0169215
2,-10,3,-0.0840563,-0.0891004
2,-10,4,-0.0855046,0.392789
2,-10,6,-0.087176,-0.108019
2,-10,8,-0.0819539,0.150053
2,-10,7,-0.0838379,0.0152235
2,-10,10,-0.0716435,-0.118206
2,-9,1,-0.0914016,0.0801565
2,-9,2,-0.092298,-0.123996
2,-10,9,-0.0780216,0.027612
2,-9,4,-0.0953226,-3.82442
2,-9,3,-0.0935874,-0.0676496
2,-9,5,-0.0965619,0.154037
2,-9,6,-0.0925256,0.104314
2,-9,9,-0.0791976,-0.0650864
2,-9,10,-0.072601,0.291941
2,-9,7,-0.0897018,0.363628
2,-9,8,-0.0867377,-0.00977962
2,-8,1,-0.102718,-0.412394
2,-8,2,-0.10352,-0.102619
2,-8,3,-0.105222,-0.0231433
2,-8,4,-0.107564,-0.255314
2,-8,5,-0.103466,-0.10602
2,-8,6,-0.0990294,0.251425
2,-8,7,-0.0966793,-0.0660049
2,-8,9,-0.0805284,-0.027247
2,-8,8,-0.0886281,0.081447
2,-7,1,-0.116271,-0.136927
2,-7,2,-0.118022,0.0306142
2,-8,10,-0.0734905,0.0629962
2,-7,3,-0.120615,0.0176595
2,-7,4,-0.117574,-0.512233
2,-7,5,-0.110674,-0.100992
2,-7,6,-0.107901,-0.00336832
2,-7,9,-0.0814138,-0.0271204
2,-7,8,-0.0902043,0.113801
2,-7,7,-0.100651,-0.0827061
2,-6,1,-0.135074,0.0402639
2,-6,2,-0.136868,1.14016
2,-7,10,-0.0743684,0.753666
2,-6,4,-0.125665,0.0881494
2,-6,3,-0.136029,0.00192585
2,-6,5,-0.120862,0.0373657
2,-6,6,-0.115748,0.0966765
2,-6,9,-0.0826416,4.26565
2,-6,8,-0.0914287,-0.203509
2,-6,7,-0.102266,-0.0765439
2,-6,10,-0.0749218,-0.0774132
2,-5,1,-0.15878,1.05184
2,-5,2,-0.160509,0.0107131
2,-5,4,-0.136449,0.18605
2,-5,5,-0.133795,0.0817511
2,-5,3,-0.145699,-0.0261813
2,-5,6,-0.118166,-0.134126
2,-5,7,-0.104324,0.234747
2,-5,8,-0.0925279,0.0416458
2,-5,10,-0.0758701,-0.167481
2,-5,9,-0.0832724,0.463886
2,-4,1,-0.194157,0.485021
2,-4,2,-0.173538,-0.650231
2,-4,4,-0.153737,0.00733209
2,-4,6,-0.120621,0.562904
2,-4,3,-0.155441,-1.0286
2,-4,5,-0.140279,1.06284
2,-4,7,-0.10509,0.851692
2,-4,8,-0.0939181,-0.016128
2,-4,10,-0.0763224,-0.0177032
2,-3,1,-0.211684,0.0632835
2,-4,9,-0.0838974,0.333384
2,-3,2,-0.175879,0.169388
2,-3,3,-0.172268,0.292013
2,-3,4,-0.170138,-0.0236537
2,-3,6,-0.122487,-0.23362
2,-3,7,-0.10653,-0.193768
2,-3,5,-0.141623,0.119573
2,-3,9,-0.0847999,-0.341157
2,-3,8,-0.094271,-0.0365077
2,-3,10,-0.0765896,-0.0807782
2,-2,1,-0.170048,-0.00027138
2,-2,3,-0.200685,-0.197167
2,-2,2,-0.175051,-0.077998
2,-2,5,-0.145051,0.277919
2,-2,6,-0.122693,-0.260323
2,-2,4,-0.173043,-0.0923944
2,-2,7,-0.107791,-0.308638
2,-2,9,-0.0852795,-0.439493
2,-2,10,-0.0768585,-0.820087
2,-2,8,-0.0947117,0.387017
2,-1,1,-0.0801936,0.061848
2,-1,2,-0.187574,-0.128897
2,-1,3,-0.219686,2.35229
2,-1,6,-0.123511,0.157298
2,-1,5,-0.14652,0.108448
2,-1,7,-0.108233,-0.395338
2,-1,4,-0.172785,-0.684962
2,-1,8,-0.095059,0.0432274
2,-1,9,-0.0855437,-1.41401
2,0,1,-0.0239588,-0.018313
2,-1,10,-0.0770816,-0.130354
2,0,2,-0.204001,0.315787
2,0,5,-0.146747,-1.2087
2,0,4,-0.174012,0.186481
2,0,3,-0.221274,-0.0589399
2,0,6,-0.123728,-0.0290275
2,0,7,-0.108391,0.20873
2,0,8,-0.0952393,-0.0432399
2,1,1,-0.0801936,0.061848
2,0,9,-0.0855843,-0.0686545
2,0,10,-0.077155,0.0747542
2,1,2,-0.187574,-0.128896
2,1,3,-0.219686,2.35229
2,1,5,-0.14652,0.108448
2,1,6,-0.123511,0.157298
2,1,4,-0.172785,-0.684963
2,1,7,-0.108233,-0.395338
2,1,8,-0.095059,0.0432274
2,2,2,-0.175051,-0.0779978
2,2,1,-0.170048,-0.000271322
2,1,10,-0.0770816,-0.130354
2,1,9,-0.0855437,-1.4152
2,2,3,-0.200685,-0.197167
2,2,4,-0.173043,-0.0923946
2,2,5,-0.145051,0.277919
2,2,6,-0.122693,-0.260326
2,2,8,-0.0947117,0.387017
2,2,7,-0.107791,-0.308638
2,2,9,-0.0852795,-0.439493
2,2,10,-0.0768585,-0.820087
2,3,2,-0.175879,0.169383
2,3,1,-0.211684,0.0632834
2,3,3,-0.172268,0.292013
2,3,4,-0.170138,-0.0236537
2,3,6,-0.122487,-0.23362
2,3,5,-0.141623,0.119573
2,3,8,-0.094271,-0.0365077
2,3,7,-0.10653,-0.193768
2,3,9,-0.0847999,-0.341165
2,3,10,-0.0765896,-0.0807788
2,4,1,-0.194157,0.485021
2,4,2,-0.173538,-0.650241
2,4,3,-0.155441,-1.0285
2,4,4,-0.153737,0.00733209
2,4,5,-0.140279,1.05474
2,4,6,-0.120621,0.562945
2,4,7,-0.10509,0.851693
2,4,8,-0.0939181,-0.0161281
2,4,9,-0.0838974,0.333384
2,4,10,-0.0763224,-0.0177032
2,5,1,-0.15878,1.05184
2,5,2,-0.160509,0.0107131
2,5,3,-0.145699,-0.0261813
2,5,4,-0.136449,0.186049
2,5,5,-0.133795,0.0817527
2,5,6,-0.118166,-0.134126
2,5,7,-0.104324,0.234747
2,5,8,-0.0925279,0.041646
2,5,9,-0.0832724,0.463885
2,5,10,-0.0758701,-0.167481
2,6,1,-0.135074,0.0402639
2,6,2,-0.136868,1.14016
2,6,3,-0.136029,0.00192585
2,6,5,-0.120862,0.0373657
2,6,4,-0.125665,0.0881497
2,6,6,-0.115748,0.0966764
2,6,7,-0.102266,-0.0765445
2,6,8,-0.0914287,-0.203466
2,6,9,-0.0826416,4.22959
2,6,10,-0.0749218,-0.0774132
2,7,1,-0.116271,-0.136926
2,7,2,-0.118022,0.0305609
2,7,3,-0.120615,0.0176594
2,7,4,-0.117574,-0.512232
2,7,5,-0.110674,-0.100992
2,7,6,-0.107901,-0.00336827
2,7,7,-0.100651,-0.0827061
2,7,9,-0.0814138,-0.0271212
2,7,10,-0.0743685,0.75852
2,7,8,-0.0902043,0.113801
2,8,1,-0.102718,-0.412394
2,8,3,-0.105222,-0.0231433
2,8,2,-0.10352,-0.102619
2,8,5,-0.103466,-0.106019
2,8,6,-0.0990294,0.251424
2,8,4,-0.107564,-0.255314
2,8,7,-0.0966793,-0.0660049
2,8,9,-0.0805284,-0.0272377
2,8,8,-0.0886281,0.081447
2,9,2,-0.092298,-0.123996
2,9,1,-0.0914016,0.0801565
2,8,10,-0.0734905,0.0629962
2,9,3,-0.0935874,-0.0676497
2,9,7,-0.0897018,0.363626
2,9,4,-0.0953226,-4.08926
2,9,6,-0.0925256,0.104315
2,9,5,-0.0965619,0.154035
2,9,8,-0.0867377,-0.00977962
2,9,9,-0.0791976,-0.0650864
2,9,10,-0.072601,0.291799
2,10,1,-0.0827396,0.0281293
2,10,2,-0.083142,-0.043534
2,10,3,-0.0840563,-0.0891014
2,10,4,-0.0855046,0.392774
2,10,5,-0.0873537,-0.0169215
2,10,7,-0.0838379,0.0152235
2,10,8,-0.0819539,0.150053
2,10,6,-0.087176,-0.108019
2,10,9,-0.0780216,0.0276121
2,10,10,-0.0716435,-0.118206
3,-10,1,-0.0815109,-0.0449959
3,-10,5,-0.0847689,-1.82752
3,-10,4,-0.0842243,0.0257209
3,-10,3,-0.0830663,0.0241507
3,-10,2,-0.0821667,-0.0212417
3,-10,8,-0.0755087,0.0836603
3,-10,6,-0.0806614,0.234027
3,-10,7,-0.0774031,0.00628122
3,-10,10,-0.0706816,-0.0202469
3,-10,9,-0.0749538,0.232939
3,-9,1,-0.0903004,0.0589181
3,-9,2,-0.0908056,0.150204
3,-9,3,-0.0919145,0.760516
3,-9,4,-0.0933217,-0.0513029
3,-9,6,-0.0844244,0.0580352
3,-9,5,-0.0891,-0.0190144
3,-9,7,-0.0816881,0.174231
3,-9,9,-0.0779826,0.064457
3,-9,8,-0.0810005,-0.0351686
3,-9,10,-0.0716031,-0.0129998
3,-8,1,-0.100421,-0.125026
3,-8,2,-0.101573,-0.037884
3,-8,3,-0.103137,1.75008
3,-8,5,-0.0929109,-0.0416505
3,-8,4,-0.0997277,0.141958
3,-8,6,-0.0889304,-0.217699
3,-8,7,-0.08751,-0.138669
3,-8,8,-0.0863361,-0.0358815
3,-8,9,-0.0789611,-0.123798
3,-8,10,-0.0724566,-0.068764
3,-7,1,-0.113937,-0.0532512
3,-7,2,-0.11486,-0.0802004
3,-7,3,-0.113159,-0.286226
3,-7,4,-0.103419,-0.0859346
3,-7,6,-0.0947836,-0.185461
3,-7,8,-0.0881121,-0.00450001
3,-7,7,-0.0952474,-19.9922
3,-7,5,-0.0974149,0.00791979
3,-7,9,-0.0801964,-0.0985447
3,-7,10,-0.0731388,-0.0902978
3,-6,1,-0.129827,-0.361579
3,-6,2,-0.130115,0.534503
3,-6,3,-0.11684,-0.435247
3,-6,5,-0.102954,0.0867717
3,-6,4,-0.107278,0.404993
3,-6,6,-0.10403,0.00285588
3,-6,7,-0.0996433,0.311712
3,-6,8,-0.0893944,-0.28016
3,-6,9,-0.0807751,0.375322
3,-6,10,-0.0740188,0.11093
3,-5,1,-0.151778,6.2767
3,-5,2,-0.134341,-0.0252833
3,-5,3,-0.118209,0.122458
3,-5,4,-0.111525,0.0412712
3,-5,5,-0.111912,-0.0382403
3,-5,6,-0.113255,-1.52522
3,-5,7,-0.100561,0.0658944
3,-5,8,-0.0905008,-0.130152
3,-5,9,-0.081773,0.0276975
3,-5,10,-0.0742798,0.0859548
3,-4,1,-0.155568,0.323236
3,-4,2,-0.127489,-0.131619
3,-4,4,-0.117457,0.764841
3,-4,3,-0.118146,-0.0296142
3,-4,6,-0.115316,-3.05515
3,-4,5,-0.126354,-0.317037
3,-4,7,-0.102488,1.00157
3,-4,8,-0.090865,-0.0724705
3,-4,9,-0.0825188,-0.0231822
3,-4,10,-0.0748687,0.0709482
3,-3,1,-0.114456,-0.403834
3,-3,2,-0.113111,-0.177101
3,-3,4,-0.132173,-0.182362
3,-3,3,-0.115895,-0.0541052
3,-3,5,-0.135094,-0.324615
3,-3,6,-0.11624,-0.0631369
3,-3,9,-0.0826717,-0.173759
3,-3,7,-0.103028,0.105233
3,-3,8,-0.0920054,-0.0726435
3,-3,10,-0.075439,0.0680883
3,-2,1,-0.0496162,0.02482
3,-2,2,-0.0897388,0.00244424
3,-2,4,-0.152563,-8.18798
3,-2,5,-0.134579,-0.0456958
3,-2,3,-0.116794,-0.626157
3,-2,6,-0.118368,-0.179046
3,-2,8,-0.0926412,-0.157727
3,-2,7,-0.103151,0.0314129
3,-2,9,-0.0829727,0.00603419
3,-1,1,-0.0147465,-0.00449091
3,-2,10,-0.0757742,0.0160747
3,-1,2,-0.0530617,-0.122103
3,-1,3,-0.132675,-0.164173
3,-1,4,-0.161012,-0.954687
3,-1,8,-0.0929371,4.19175
3,-1,7,-0.103594,-0.0273837
3,-1,6,-0.118828,0.0418391
3,-1,5,-0.134774,1.23842
3,-1,9,-0.0831867,0.155616
3,-1,10,-0.0759151,-0.0360648
3,0,1,-0.0162082,0.00608567
3,0,2,-0.0278105,-0.0074135
3,0,3,-0.14614,0.191381
3,0,4,-0.16103,0.304368
3,0,5,-0.135195,0.303395
3,0,6,-0.11903,0.124018
3,0,7,-0.103733,-0.344333
3,0,8,-0.0929692,0.0334172
3,0,9,-0.0833088,-0.0195291
3,1,1,-0.0147465,-0.00449091
3,0,10,-0.0759634,0.150204
3,1,2,-0.0530617,-0.122103
3,1,3,-0.132675,-0.164173
3,1,5,-0.134774,1.24118
3,1,4,-0.161012,-0.952096
3,1,7,-0.103594,-0.0273837
3,1,6,-0.118828,0.0418391
3,1,8,-0.0929371,4.19175
3,1,9,-0.0831867,0.155616
3,2,1,-0.0496162,0.02482
3,1,10,-0.0759151,-0.0360648
3,2,3,-0.116794,-0.626157
3,2,2,-0.0897388,0.00244424
3,2,4,-0.152563,-8.18798
3,2,5,-0.134579,-0.0456958
3,2,6,-0.118368,-0.179046
3,2,8,-0.0926412,-0.157727
3,2,7,-0.103151,0.0314135
3,2,9,-0.0829727,0.00603427
3,2,10,-0.0757742,0.0160747
3,3,1,-0.114456,-0.403832
3,3,2,-0.113111,-0.177101
3,3,5,-0.135094,-0.324616
3,3,4,-0.132173,-0.182362
3,3,3,-0.115895,-0.054105
3,3,6,-0.11624,-0.0631367
3,3,7,-0.103028,0.105235
3,3,8,-0.0920054,-0.0726436
3,4,1,-0.155568,0.323236
3,3,9,-0.0826717,-0.173758
3,3,10,-0.075439,0.0680883
3,4,2,-0.127489,-0.131619
3,4,3,-0.118146,-0.0296142
3,4,6,-0.115316,-3.05515
3,4,4,-0.117457,0.764842
3,4,5,-0.126354,-0.317024
3,4,7,-0.102488,1.00157
3,4,9,-0.0825188,-0.0231823
3,4,8,-0.090865,-0.0724705
3,5,1,-0.151778,6.2767
3,5,2,-0.134341,-0.0252809
3,4,10,-0.0748687,0.0709482
3,5,5,-0.111912,-0.0382403
3,5,3,-0.118209,0.122458
3,5,4,-0.111525,0.0412712
3,5,6,-0.113255,-1.49449
3,5,7,-0.100561,0.0658943
3,5,8,-0.0905008,-0.130152
3,5,10,-0.0742798,0.0859541
3,5,9,-0.081773,0.0276975
3,6,1,-0.129827,-0.361579
3,6,3,-0.11684,-0.435244
3,6,2,-0.130115,0.534502
3,6,4,-0.107278,0.404993
3,6,5,-0.102954,0.0867716
3,6,6,-0.10403,0.00285588
3,6,7,-0.0996433,0.311712
3,6,8,-0.0893944,-0.28012
3,6,9,-0.0807751,0.375297
3,7,1,-0.113937,-0.0532512
3,6,10,-0.0740188,0.11093
3,7,2,-0.11486,-0.0802004
3,7,3,-0.113159,-0.286226
3,7,4,-0.103419,-0.0859346
3,7,7,-0.0952474,-19.9923
3,7,5,-0.0974149,0.00791979
3,7,6,-0.0947836,-0.185461
3,7,8,-0.0881121,-0.00450031
3,7,9,-0.0801964,-0.0985447
3,7,10,-0.0731388,-0.0903151
3,8,1,-0.100421,-0.125026
3,8,3,-0.103137,1.75174
3,8,4,-0.0997277,0.141948
3,8,2,-0.101573,-0.0378839
3,8,5,-0.0929109,-0.0416505
3,8,6,-0.0889304,-0.217699
3,8,7,-0.08751,-0.138675
3,8,8,-0.0863361,-0.0358813
3,8,10,-0.0724566,-0.0687638
3,9,1,-0.0903004,0.0589181
3,8,9,-0.0789611,-0.123798
3,9,2,-0.0908056,0.150204
3,9,3,-0.0919145,0.760516
3,9,5,-0.0891,-0.0190113
3,9,6,-0.0844244,0.0580352
3,9,4,-0.0933217,-0.051301
3,9,7,-0.0816881,0.174231
3,9,8,-0.0810005,-0.0351686
3,9,9,-0.0779826,0.064457
3,9,10,-0.0716031,-0.0129998
3,10,1,-0.0815109,-0.0449959
3,10,2,-0.0821667,-0.0212417
3,10,3,-0.0830663,0.0241507
3,10,4,-0.0842243,0.0257209
3,10,5,-0.0847689,-1.82752
3,10,8,-0.0755087,0.0836603
3,10,6,-0.0806614,0.233941
3,10,7,-0.0774031,0.00628159
4,-10,1,-0.08042,-0.413184
3,10,10,-0.0706816,-0.0202469
3,10,9,-0.0749538,0.232939
4,-10,3,-0.0814946,0.0689982
4,-10,2,-0.0807445,0.525882
4,-10,4,-0.0823674,0.00515519
4,-10,5,-0.0782876,-0.058679
4,-10,6,-0.0737565,-0.0141026
4,-10,7,-0.070703,0.0188655
4,-10,8,-0.0689929,0.0919852
4,-9,2,-0.0890184,-0.00387263
4,-9,1,-0.0882178,0.0187101
4,-10,9,-0.0685804,0.0183263
4,-10,10,-0.0687008,0.0402134
4,-9,3,-0.0900116,-0.0606854
4,-9,4,-0.0866128,-0.0614993
4,-9,6,-0.0760749,-0.0384664
4,-9,5,-0.0802445,-0.0851509
4,-9,7,-0.0736311,0.0503726
4,-9,8,-0.0727698,0.0044669
4,-9,10,-0.0702237,-0.0737013
4,-9,9,-0.0737822,0.0239236
4,-8,1,-0.098363,0.108932
4,-8,2,-0.0988423,0.242994
4,-8,3,-0.0968733,0.0138072
4,-8,4,-0.0880573,-0.326927
4,-8,5,-0.0821871,0.0587709
4,-8,6,-0.0786991,-0.516105
4,-8,8,-0.0785088,0.00132061
4,-8,10,-0.070971,0.531001
4,-8,9,-0.0772049,-0.0324609
4,-8,7,-0.0773148,0.0584386
4,-7,1,-0.109667,-0.206177
4,-7,2,-0.109374,-0.472014
4,-7,5,-0.084054,-0.0633604
4,-7,3,-0.0977164,-0.0313805
4,-7,4,-0.0889868,0.0617059
4,-7,6,-0.0819868,-0.0836482
4,-7,7,-0.0827703,-0.299526
4,-7,8,-0.0847175,0.100709
4,-7,9,-0.0778955,0.164289
4,-7,10,-0.0717567,-0.543901
4,-6,2,-0.109761,0.0263531
4,-6,1,-0.124535,0.17276
4,-6,3,-0.0959435,0.031099
4,-6,4,-0.0891098,0.0815153
4,-6,5,-0.0861905,-0.271464
4,-6,6,-0.0864404,0.143218
4,-6,7,-0.0914469,-0.127124
4,-6,10,-0.0720936,0.0594826
4,-6,8,-0.0865184,-0.0115575
4,-6,9,-0.0790445,-0.197062
4,-5,1,-0.123078,0.254672
4,-5,2,-0.100507,-0.0797604
4,-5,3,-0.0918781,0.0577054
4,-5,4,-0.088496,0.0138734
4,-5,5,-0.0887821,0.0775977
4,-5,6,-0.095429,-0.0346078
4,-5,7,-0.0970564,0.00751855
4,-5,8,-0.0872293,-0.0193812
4,-5,10,-0.0729532,0.0285422
4,-5,9,-0.0794109,-0.0268255
4,-4,2,-0.0849278,-0.00694681
4,-4,1,-0.0865148,0.0395285
4,-4,3,-0.0849396,-0.0459097
4,-4,4,-0.0873369,-0.0422044
4,-4,5,-0.09435,0.0434679
4,-4,6,-0.107098,-0.101749
4,-4,7,-0.09715,-0.13061
4,-4,8,-0.0885273,-0.0472993
4,-4,10,-0.0732572,0.138934
4,-4,9,-0.079786,-0.217885
4,-3,2,-0.0630417,0.0195105
4,-3,3,-0.0754686,0.00110154
4,-3,1,-0.0353217,-0.00078082
4,-3,4,-0.0851751,-0.286351
4,-3,6,-0.110768,-0.441376
4,-3,5,-0.1089,-0.13252
4,-3,7,-0.0982726,0.0459857
4,-3,8,-0.0884859,0.101794
4,-3,9,-0.0805785,0.251425
4,-3,10,-0.0733757,0.0938058
4,-2,1,-0.00808048,-0.000778834
4,-2,2,-0.0357308,0.0194226
4,-2,3,-0.0615076,-0.816415
4,-2,5,-0.122974,-0.16525
4,-2,6,-0.109752,1.17689
4,-2,4,-0.0900323,-0.0801365
4,-2,7,-0.099419,0.288621
4,-2,8,-0.0886488,-0.343157
4,-2,9,-0.0809382,0.806589
4,-1,2,-0.0135767,-0.000525385
4,-1,1,-0.00557793,0.00293693
4,-1,3,-0.0424929,0.0255268
4,-2,10,-0.0735456,0.0538651
4,-1,5,-0.126439,-0.0384745
4,-1,4,-0.105695,0.061979
4,-1,6,-0.11013,-0.65439
4,-1,8,-0.0888524,0.0137602
4,-1,7,-0.0996376,-0.0532385
4,-1,9,-0.081116,-0.181281
4,-1,10,-0.0737146,-0.00399476
4,0,1,-0.0025779,-0.00315432
4,0,2,-0.00866474,0.00526205
4,0,3,-0.0319719,-0.020406
4,0,5,-0.126593,0.633717
4,0,4,-0.114247,0.138147
4,0,6,-0.110221,-0.0308446
4,0,7,-0.0997134,-0.349831
4,0,8,-0.0889925,0.0926218
4,0,9,-0.0811213,-0.101461
4,0,10,-0.0737704,-0.604799
4,1,1,-0.00557793,0.00293693
4,1,2,-0.0135767,-0.000525385
4,1,3,-0.0424929,0.0255268
4,1,5,-0.126439,-0.0384745
4,1,4,-0.105695,0.061979
4,1,6,-0.11013,-0.65439
4,1,7,-0.0996376,-0.0532385
4,1,8,-0.0888524,0.0137602
4,1,9,-0.081116,-0.181281
4,1,10,-0.0737146,-0.00399228
4,2,2,-0.0357308,0.0194226
4,2,1,-0.00808048,-0.000778834
4,2,4,-0.0900323,-0.0801362
4,2,6,-0.109752,1.17689
4,2,3,-0.0615076,-0.8178
4,2,7,-0.099419,0.288621
4,2,5,-0.122974,-0.16525
4,2,8,-0.0886488,-0.343157
4,2,9,-0.0809382,0.807185
4,3,1,-0.0353217,-0.00078082
4,2,10,-0.0735456,0.0538651
4,3,3,-0.0754686,0.00110165
4,3,4,-0.0851751,-0.286352
4,3,2,-0.0630417,0.0195105
4,3,5,-0.1089,-0.132448
4,3,6,-0.110768,-0.441377
4,3,7,-0.0982726,0.0459857
4,3,8,-0.0884859,0.101796
4,3,10,-0.0733757,0.0938058
4,3,9,-0.0805785,0.251425
4,4,1,-0.0865148,0.0395285
4,4,2,-0.0849278,-0.00694678
4,4,3,-0.0849396,-0.0459098
4,4,4,-0.0873369,-0.0422043
4,4,7,-0.09715,-0.13061
4,4,5,-0.09435,0.0434806
4,4,6,-0.107098,-0.101749
4,4,9,-0.079786,-0.217885
4,4,8,-0.0885273,-0.0472994
4,4,10,-0.0732572,0.138934
4,5,1,-0.123078,0.254672
4,5,3,-0.0918781,0.0577052
4,5,2,-0.100507,-0.0797605
4,5,5,-0.0887821,0.0775977
4,5,4,-0.088496,0.0138734
4,5,6,-0.095429,-0.0346078
4,5,8,-0.0872293,-0.0193812
4,5,7,-0.0970564,0.00751807
4,5,9,-0.0794109,-0.0268252
4,5,10,-0.0729532,0.0285422
4,6,1,-0.124535,0.17276
4,6,4,-0.0891098,0.0815127
4,6,3,-0.0959435,0.031099
4,6,2,-0.109761,0.0263531
4,6,5,-0.0861905,-0.271464
4,6,6,-0.0864404,0.143218
4,6,10,-0.0720936,0.0594826
4,6,9,-0.0790445,-0.197062
4,6,8,-0.0865184,-0.0115575
4,6,7,-0.0914469,-0.127182
4,7,1,-0.109667,-0.206177
4,7,2,-0.109374,-0.471944
4,7,3,-0.0977164,-0.0313805
4,7,5,-0.084054,-0.0633604
4,7,4,-0.0889868,0.0617059
4,7,6,-0.0819868,-0.0836481
4,7,7,-0.0827703,-0.299346
4,7,9,-0.0778955,0.164289
4,7,10,-0.0717567,-0.543905
4,7,8,-0.0847175,0.100709
4,8,1,-0.098363,0.108932
4,8,2,-0.0988423,0.242994
4,8,3,-0.0968733,0.0138072
4,8,6,-0.0786991,-0.51605
4,8,4,-0.0880573,-0.326932
4,8,5,-0.0821871,0.0587709
4,8,7,-0.0773148,0.0584387
4,8,8,-0.0785088,0.00132061
4,8,9,-0.0772049,-0.0324609
4,8,10,-0.070971,0.526953
4,9,3,-0.0900116,-0.0606854
4,9,1,-0.0882178,0.0187101
4,9,2,-0.0890184,-0.00387282
4,9,4,-0.0866128,-0.0614993
4,9,6,-0.0760749,-0.0384666
4,9,5,-0.0802445,-0.0851508
4,9,8,-0.0727698,0.00446585
4,9,9,-0.0737822,0.0239237
4,9,7,-0.0736311,0.0503726
4,9,10,-0.0702237,-0.0737013
4,10,2,-0.0807445,0.525882
4,10,1,-0.08042,-0.413184
4,10,3,-0.0814946,0.0689982
4,10,6,-0.0737565,-0.0141026
4,10,4,-0.0823674,0.00515519
4,10,5,-0.0782876,-0.058679
4,10,7,-0.070703,0.0188655
4,10,8,-0.0689929,0.091985
4,10,9,-0.0685804,0.0183266
4,10,10,-0.0687008,0.0402142
5,-10,1,-0.0785873,-0.168929
5,-10,2,-0.0791685,-0.224978
5,-10,3,-0.0798226,0.327046
5,-10,4,-0.0765677,-0.0241524
5,-10,5,-0.0707085,-0.261817
5,-10,7,-0.0640265,0.01553
5,-10,6,-0.0666872,-0.042616
5,-10,8,-0.0624538,0.0140895
5,-10,9,-0.0620069,0.0334921
5,-9,1,-0.0864709,-0.0747468
5,-9,2,-0.0867064,0.0929622
5,-10,10,-0.062993,0.000666692
5,-9,3,-0.0846977,-0.0664507
5,-9,4,-0.0767598,0.0106588
5,-9,5,-0.0713007,-0.0443237
5,-9,7,-0.0656737,-0.0749516
5,-9,6,-0.0677537,0.251754
5,-9,8,-0.0649286,0.110277
5,-9,9,-0.0656599,-0.0124741
5,-9,10,-0.067544,0.0185312
5,-8,3,-0.0840598,0.474282
5,-8,1,-0.0948805,-0.0406782
5,-8,2,-0.0943386,1.27451
5,-8,4,-0.076242,0.00270971
5,-8,6,-0.0688005,-0.0346608
5,-8,5,-0.0714922,-0.0989298
5,-8,7,-0.0676721,0.00551646
5,-8,8,-0.0681702,-2.83924
5,-8,9,-0.071424,0.138623
5,-8,10,-0.0692153,0.5544
5,-7,1,-0.105576,-0.470338
5,-7,2,-0.092859,-0.133665
5,-7,3,-0.0809397,0.00107716
5,-7,4,-0.0746774,0.0391496
5,-7,5,-0.0713301,0.069049
5,-7,7,-0.0703053,0.116377
5,-7,6,-0.0698698,0.00749178
5,-7,9,-0.0756401,-0.0499027
5,-7,8,-0.0739336,0.0924897
5,-7,10,-0.0696813,0.0263805
5,-6,1,-0.101857,0.131527
5,-6,2,-0.083119,0.0358119
5,-6,5,-0.0707066,0.0861503
5,-6,4,-0.0720529,0.0713082
5,-6,3,-0.0756062,-0.0500494
5,-6,6,-0.0713532,-0.0215601
5,-6,7,-0.0746778,-0.0955561
5,-6,8,-0.0815207,-0.00510054
5,-6,9,-0.0760192,0.0206687
5,-6,10,-0.0705309,-0.0234234
5,-5,1,-0.0696119,0.123432
5,-5,2,-0.0682792,0.0622307
5,-5,3,-0.0677693,0.00539448
5,-5,5,-0.0698612,-0.0348038
5,-5,4,-0.0682275,0.0947362
5,-5,6,-0.0732961,0.0411949
5,-5,7,-0.0840804,-0.197589
5,-5,8,-0.0840682,1.18977
5,-5,10,-0.070523,-0.0378395
5,-5,9,-0.0769141,-0.170747
5,-4,1,-0.0274674,0.0223452
5,-4,3,-0.0575921,0.369949
5,-4,2,-0.0489518,-0.100783
5,-4,4,-0.0629835,-0.157202
5,-4,6,-0.080038,0.261942
5,-4,5,-0.0685662,-0.0344631
5,-4,7,-0.0924765,0.210117
5,-4,8,-0.0837904,0.595639
5,-4,9,-0.0775485,-0.1383
5,-4,10,-0.0709729,-0.2316
5,-3,1,-0.00599889,-0.000657716
5,-3,2,-0.0264848,0.00848613
5,-3,3,-0.0447134,0.1432
5,-3,4,-0.0568441,-0.147285
5,-3,5,-0.0676443,-1.55821
5,-3,7,-0.0932633,-0.252352
5,-3,6,-0.0936985,0.908766
5,-3,8,-0.0849182,0.0203121
5,-3,9,-0.0774003,0.266231
5,-3,10,-0.0714647,0.110997
5,-2,3,-0.0299778,-0.0149506
5,-2,1,-0.00492845,0.000114735
5,-2,2,-0.00807326,0.000779198
5,-2,6,-0.102548,-0.0414717
5,-2,4,-0.04697,0.035114
5,-2,5,-0.075643,1.65515
5,-2,9,-0.0775245,-0.0280628
5,-2,8,-0.085474,-0.0285996
5,-2,7,-0.0926601,0.0510254
5,-2,10,-0.0717172,2.41231
5,-1,1,-0.00426727,-0.00234171
5,-1,2,-0.00352581,0.0010392
5,-1,4,-0.0372753,-2.79534
5,-1,3,-0.0143622,0.0202214
5,-1,5,-0.0888518,-0.131014
5,-1,6,-0.103986,0.474135
5,-1,7,-0.0929043,-0.102212
5,-1,8,-0.0856479,2.62227
5,-1,9,-0.0776458,0.0336861
5,-1,10,-0.071794,-0.103519
5,0,1,-0.00569114,0.00202814
5,0,3,-0.00641327,0.00224663
5,0,2,-0.0034392,-0.00345377
5,0,4,-0.0350174,-0.0040555
5,0,6,-0.104244,-0.00408085
5,0,5,-0.0936986,0.107071
5,0,9,-0.0777452,-0.323292
5,0,7,-0.0929877,-0.311434
5,0,8,-0.085622,-0.299051
5,0,10,-0.0718191,0.0741133
5,1,3,-0.0143622,0.0202214
5,1,1,-0.00426727,-0.00234171
5,1,2,-0.00352581,0.0010392
5,1,4,-0.0372753,-2.79534
5,1,6,-0.103986,0.474135
5,1,5,-0.0888518,-0.131014
5,1,7,-0.0929043,-0.102215
5,1,9,-0.0776458,0.0336861
5,1,8,-0.0856479,2.62227
5,1,10,-0.071794,-0.103519
5,2,1,-0.00492845,0.000114735
5,2,2,-0.00807326,0.000779198
5,2,3,-0.0299778,-0.0149506
5,2,6,-0.102548,-0.0414717
5,2,4,-0.04697,0.0351141
5,2,5,-0.075643,1.65515
5,2,7,-0.0926601,0.0510254
5,2,8,-0.085474,-0.0285996
5,2,9,-0.0775245,-0.0280627
5,2,10,-0.0717172,2.41231
5,3,1,-0.00599889,-0.000657716
5,3,2,-0.0264848,0.00848613
5,3,4,-0.0568441,-0.147285
5,3,3,-0.0447134,0.143212
5,3,5,-0.0676443,-1.55821
5,3,6,-0.0936985,0.917493
5,3,7,-0.0932633,-0.252352
5,3,9,-0.0774003,0.266231
5,3,8,-0.0849182,0.0203121
5,3,10,-0.0714647,0.110997
5,4,1,-0.0274674,0.0223452
5,4,2,-0.0489518,-0.100783
5,4,3,-0.0575921,0.369949
5,4,5,-0.0685662,-0.0344631
5,4,4,-0.0629835,-0.157231
5,4,6,-0.080038,0.261934
5,4,7,-0.0924765,0.210117
5,4,9,-0.0775485,-0.1383
5,5,1,-0.0696119,0.123432
5,4,10,-0.0709729,-0.231572
5,4,8,-0.0837904,0.595639
5,5,2,-0.0682792,0.0622266
5,5,3,-0.0677693,0.00539448
5,5,4,-0.0682275,0.0947362
5,5,6,-0.0732961,0.0411949
5,5,5,-0.0698612,-0.0348037
5,5,7,-0.0840804,-0.19759
5,5,8,-0.0840682,1.18977
5,6,1,-0.101857,0.131527
5,5,10,-0.070523,-0.0378395
5,5,9,-0.0769141,-0.170747
5,6,3,-0.0756062,-0.0500494
5,6,2,-0.083119,0.0358119
5,6,4,-0.0720529,0.0713077
5,6,5,-0.0707066,0.0861497
5,6,6,-0.0713532,-0.0215585
5,6,7,-0.0746778,-0.095556
5,6,8,-0.0815207,-0.00510067
5,6,10,-0.0705309,-0.0234234
5,6,9,-0.0760192,0.0206687
5,7,1,-0.105576,-0.470338
5,7,3,-0.0809397,0.00107714
5,7,2,-0.092859,-0.133665
5,7,5,-0.0713301,0.069049
5,7,4,-0.0746774,0.0391496
5,7,6,-0.0698698,0.00749174
5,7,7,-0.0703053,0.116376
5,7,8,-0.0739336,0.0924893
5,7,9,-0.0756401,-0.0499028
5,8,1,-0.0948805,-0.0406782
5,7,10,-0.0696813,0.0263805
5,8,2,-0.0943386,1.27451
5,8,4,-0.076242,0.00270971
5,8,3,-0.0840598,0.474282
5,8,5,-0.0714922,-0.0989298
5,8,6,-0.0688005,-0.0346606
5,8,8,-0.0681702,-2.83922
5,8,7,-0.0676721,0.00551572
5,8,9,-0.071424,0.138623
5,8,10,-0.0692153,0.5544
5,9,2,-0.0867064,0.0929622
5,9,1,-0.0864709,-0.0747468
5,9,3,-0.0846977,-0.0664507
5,9,5,-0.0713007,-0.0443238
5,9,6,-0.0677537,0.251754
5,9,4,-0.0767598,0.0106588
5,9,8,-0.0649286,0.110277
5,9,7,-0.0656737,-0.0749516
5,9,9,-0.0656599,-0.0124741
5,10,1,-0.0785873,-0.168929
5,9,10,-0.067544,0.0185312
5,10,2,-0.0791685,-0.224978
5,10,3,-0.0798226,0.327046
5,10,4,-0.0765677,-0.0241524
5,10,5,-0.0707085,-0.261814
5,10,7,-0.0640265,0.01553
5,10,8,-0.0624538,0.0140895
5,10,6,-0.0666872,-0.0426159
5,10,9,-0.0620069,0.0334917
5,10,10,-0.062993,0.000666693
6,-10,1,-0.0771155,0.0839914
6,-10,2,-0.0772097,3.13873
6,-10,4,-0.0680802,-0.0139951
6,-10,3,-0.0752525,0.029597
6,-10,5,-0.0630646,-0.0649955
6,-10,6,-0.0596732,0.0600201
6,-10,8,-0.0561621,0.0195481
6,-10,7,-0.0574491,0.119368
6,-10,9,-0.0557002,0.0268181
6,-10,10,-0.0562323,-0.0200799
6,-9,1,-0.0835897,0.00393893
6,-9,2,-0.0829444,0.106382
6,-9,4,-0.0667895,-0.216006
6,-9,6,-0.0596448,0.0536613
6,-9,3,-0.0737979,0.0165247
6,-9,5,-0.0623863,0.0262405
6,-9,8,-0.0574126,-0.0127834
6,-9,9,-0.0578977,0.094919
6,-9,7,-0.0580501,0.25103
6,-8,1,-0.0916273,-0.154552
6,-8,2,-0.0805053,0.15787
6,-9,10,-0.0601556,-1.40326
6,-8,4,-0.0644506,-0.0678589
6,-8,3,-0.0700836,0.080554
6,-8,5,-0.0612001,-0.142323
6,-8,6,-0.0593671,-0.0161933
6,-8,7,-0.0586629,-0.00687969
6,-8,9,-0.0611154,-0.0710341
6,-8,8,-0.0591153,0.381136
6,-8,10,-0.0655389,-0.159918
6,-7,1,-0.0868961,-0.092777
6,-7,2,-0.0709289,0.00231205
6,-7,3,-0.0643877,-0.00425219
6,-7,4,-0.0610728,0.186062
6,-7,5,-0.0593957,-0.184208
6,-7,6,-0.0588933,-0.321823
6,-7,7,-0.0594276,-0.274305
6,-7,8,-0.06138,-0.0945695
6,-7,9,-0.0673922,-1.32924
6,-6,2,-0.0571835,-0.206192
6,-7,10,-0.0677202,0.0428313
6,-6,1,-0.0582597,0.0695906
6,-6,3,-0.0565957,-0.00596947
6,-6,5,-0.0569994,-0.00129914
6,-6,6,-0.0581197,-0.02927
6,-6,7,-0.0605504,0.12735
6,-6,4,-0.0565284,-0.0907546
6,-6,9,-0.0731437,-0.0679168
6,-6,8,-0.0664697,-0.0951813
6,-6,10,-0.0677267,-0.162601
6,-5,2,-0.0400992,-0.0487219
6,-5,1,-0.0224791,-0.0284528
6,-5,3,-0.0469254,-0.184775
6,-5,4,-0.0507564,0.165266
6,-5,5,-0.0538473,-0.0475439
6,-5,6,-0.0574801,-0.135335
6,-5,7,-0.0626169,-0.000150738
6,-5,8,-0.0756686,-0.167167
6,-5,9,-0.0736768,-0.18944
6,-4,1,-0.00476978,-0.000522829
6,-5,10,-0.0686509,-0.0820816
6,-4,2,-0.0210896,0.00712922
6,-4,3,-0.0354854,0.0144653
6,-4,4,-0.043879,-0.0022761
6,-4,5,-0.0501059,-0.062251
6,-4,6,-0.0560928,-0.314342
6,-4,9,-0.0737157,0.0278877
6,-4,7,-0.0708905,0.175276
6,-4,8,-0.0807595,-4.09371
6,-3,1,-0.00382437,0.000154933
6,-3,2,-0.00616293,0.00028835
6,-4,10,-0.0688064,-0.0235586
6,-3,3,-0.0227741,0.0114686
6,-3,4,-0.0352401,-0.0782239
6,-3,5,-0.0456325,0.131044
6,-3,6,-0.0571555,-0.0563338
6,-3,8,-0.0803787,0.497703
6,-3,7,-0.0824673,-0.136798
6,-3,9,-0.0745861,0.784288
6,-3,10,-0.06872,-0.249604
6,-2,2,-0.00335604,-0.00031984
6,-2,1,-0.00248826,-2.79144e-06
6,-2,3,-0.00910907,0.0567223
6,-2,4,-0.0263234,-0.0651119
6,-2,7,-0.0875639,-0.0027849
6,-2,5,-0.0383324,-0.0300045
6,-2,6,-0.0667656,-0.0941648
6,-2,9,-0.0748965,1.72671
6,-2,8,-0.0801652,-0.477227
6,-2,10,-0.0687708,0.618806
6,-1,1,-0.00215217,0.00197114
6,-1,2,-0.00356827,-0.000848176
6,-1,3,-0.00272127,-0.00029186
6,-1,6,-0.0766839,-0.0204897
6,-1,4,-0.0149968,0.00339593
6,-1,5,-0.0346849,0.0557285
6,-1,7,-0.0883719,-0.0137658
6,-1,8,-0.0802604,-0.246711
6,-1,9,-0.0750038,-0.0310021
6,-1,10,-0.0688851,-0.101737
6,0,1,-0.000967218,-0.00147158
6,0,2,-0.00337067,0.00257343
6,0,3,-0.00332481,-0.00173303
6,0,4,-0.00699838,0.000844325
6,0,5,-0.0360877,0.00307363
6,0,6,-0.0795348,0.0855839
6,0,8,-0.0803904,0.151345
6,0,7,-0.0885052,-0.125734
6,0,9,-0.0749704,-0.0206384
6,1,1,-0.00215217,0.00197114
6,0,10,-0.0689247,0.151275
6,1,3,-0.00272127,-0.00029186
6,1,2,-0.00356827,-0.000848176
6,1,4,-0.0149968,0.00339593
6,1,5,-0.0346849,0.0557291
6,1,6,-0.0766839,-0.0204973
6,1,7,-0.0883719,-0.0137658
6,1,8,-0.0802604,-0.246711
6,1,10,-0.0688851,-0.101733
6,1,9,-0.0750038,-0.0310021
6,2,1,-0.00248826,-2.79144e-06
6,2,2,-0.00335604,-0.00031984
6,2,3,-0.00910907,0.0567223
6,2,4,-0.0263234,-0.0651119
6,2,6,-0.0667656,-0.0941646
6,2,5,-0.0383324,-0.0300045
6,2,7,-0.0875639,-0.00278324
6,2,9,-0.0748965,1.72671
6,2,8,-0.0801652,-0.475931
6,2,10,-0.0687708,0.620182
6,3,1,-0.00382437,0.000154933
6,3,4,-0.0352401,-0.0782208
6,3,2,-0.00616293,0.00028835
6,3,3,-0.0227741,0.0114686
6,3,5,-0.0456325,0.131042
6,3,6,-0.0571555,-0.0563338
6,3,7,-0.0824673,-0.136792
6,3,8,-0.0803787,0.497743
6,3,9,-0.0745861,0.784288
6,4,2,-0.0210896,0.00712922
6,4,1,-0.00476978,-0.000522829
6,3,10,-0.06872,-0.249604
6,4,3,-0.0354854,0.0144653
6,4,6,-0.0560928,-0.314342
6,4,4,-0.043879,-0.0022761
6,4,5,-0.0501059,-0.0622509
6,4,7,-0.0708905,0.175276
6,4,9,-0.0737157,0.0278776
6,4,8,-0.0807595,-4.09371
6,5,1,-0.0224791,-0.0284528
6,4,10,-0.0688064,-0.0235586
6,5,2,-0.0400992,-0.0487216
6,5,3,-0.0469254,-0.184776
6,5,4,-0.0507564,0.165266
6,5,5,-0.0538473,-0.0475439
6,5,6,-0.0574801,-0.135346
6,5,7,-0.0626169,-0.000150727
6,5,8,-0.0756686,-0.167166
6,5,9,-0.0736768,-0.189435
6,5,10,-0.0686509,-0.0820475
6,6,2,-0.0571835,-0.206191
6,6,1,-0.0582597,0.0695906
6,6,3,-0.0565957,-0.00596946
6,6,4,-0.0565284,-0.0907546
6,6,5,-0.0569994,-0.00129894
6,6,6,-0.0581197,-0.02927
6,6,7,-0.0605504,0.127351
6,6,9,-0.0731437,-0.0679168
6,6,10,-0.0677267,-0.162601
6,6,8,-0.0664697,-0.0951813
6,7,1,-0.0868961,-0.092777
6,7,2,-0.0709289,0.00231205
6,7,4,-0.0610728,0.186062
6,7,3,-0.0643877,-0.00425215
6,7,7,-0.0594276,-0.274305
6,7,5,-0.0593957,-0.184208
6,7,6,-0.0588933,-0.322033
6,7,8,-0.06138,-0.0945695
6,8,1,-0.0916273,-0.154552
6,7,9,-0.0673922,-1.32924
6,7,10,-0.0677202,0.0428317
6,8,3,-0.0700836,0.080554
6,8,2,-0.0805053,0.15787
6,8,4,-0.0644506,-0.0678589
6,8,5,-0.0612001,-0.142324
6,8,7,-0.0586629,-0.00688176
6,8,8,-0.0591153,0.381136
6,8,9,-0.0611154,-0.0710344
6,8,6,-0.0593671,-0.0161933
6,8,10,-0.0655389,-0.159911
6,9,1,-0.0835897,0.00393893
6,9,2,-0.0829444,0.106381
6,9,3,-0.0737979,0.0165246
6,9,4,-0.0667895,-0.216006
6,9,5,-0.0623863,0.0262406
6,9,6,-0.0596448,0.053661
6,9,7,-0.0580501,0.251332
6,9,9,-0.0578977,0.094919
6,9,8,-0.0574126,-0.0127834
6,9,10,-0.0601556,-1.40326
6,10,2,-0.0772097,3.13873
6,10,1,-0.0771155,0.0839914
6,10,3,-0.0752525,0.0295971
6,10,4,-0.0680802,-0.0139939
6,10,6,-0.0596732,0.0600201
6,10,5,-0.0630646,-0.0649955
6,10,7,-0.0574491,0.119367
6,10,9,-0.0557002,0.0268181
6,10,8,-0.0561621,0.0195481
6,10,10,-0.0562323,-0.0200799
7,-10,1,-0.0746927,0.0322526
7,-10,2,-0.0740118,-0.0228973
7,-10,3,-0.065795,0.0985015
7,-10,4,-0.0594743,0.0178448
7,-10,5,-0.0554291,0.236704
7,-10,6,-0.0527986,-0.0246132
7,-10,7,-0.0511032,0.117146
7,-10,8,-0.050113,0.0378133
7,-10,9,-0.0497884,-0.013022
7,-10,10,-0.050177,-0.122586
7,-9,2,-0.0710729,-0.0867329
7,-9,1,-0.0809358,-0.756406
7,-9,3,-0.0618408,0.0856136
7,-9,6,-0.051867,0.100167
7,-9,4,-0.0567724,0.409649
7,-9,5,-0.0537385,-0.0478636
7,-9,8,-0.0504925,-0.056682
7,-9,9,-0.0508382,-0.168605
7,-9,7,-0.0508276,0.0896743
7,-9,10,-0.0521829,0.0943412
7,-8,1,-0.0757768,0.122129
7,-8,2,-0.0618896,-0.000702957
7,-8,3,-0.056138,0.0729841
7,-8,4,-0.0531235,0.219952
7,-8,5,-0.0514333,-0.650221
7,-8,6,-0.0505991,-0.00654455
7,-8,7,-0.0504106,0.0178267
7,-8,9,-0.052354,0.081454
7,-8,10,-0.0558534,0.387917
7,-8,8,-0.0508766,-0.617388
7,-7,1,-0.0501017,-0.266052
7,-7,2,-0.0492296,0.0240954
7,-7,3,-0.048674,-0.00852995
7,-7,4,-0.0484396,1.29163
7,-7,5,-0.0485145,0.0539414
7,-7,6,-0.0489269,-0.0490934
7,-7,7,-0.0498565,-0.0252632
7,-7,8,-0.0515825,0.10247
7,-6,1,-0.0190277,0.00571168
7,-7,9,-0.0546164,1.78609
7,-7,10,-0.0622494,0.0712194
7,-6,2,-0.0339926,0.207917
7,-6,3,-0.039706,0.0483377
7,-6,5,-0.0449057,-0.188452
7,-6,4,-0.0427419,0.0483362
7,-6,6,-0.0469449,-0.0741938
7,-6,7,-0.0492079,1.72613
7,-6,8,-0.0524012,-0.416668
7,-6,9,-0.0607823,-0.0155112
7,-6,10,-0.0657844,0.0262998
7,-5,2,-0.0175463,0.0139254
7,-5,1,-0.00396259,-0.000433078
7,-5,3,-0.0294907,0.00460423
7,-5,5,-0.0406655,-0.0148981
7,-5,4,-0.0361499,-0.00421778
7,-5,6,-0.0443525,0.133403
7,-5,7,-0.0486704,0.230932
7,-5,8,-0.0553653,0.238814
7,-5,9,-0.0687678,-0.0141407
7,-4,1,-0.00313007,0.000125566
7,-5,10,-0.0654481,-0.0592652
7,-4,2,-0.00501231,0.000159863
7,-4,3,-0.0184332,-0.00970287
7,-4,4,-0.028491,0.0257278
7,-4,5,-0.0355826,0.948615
7,-4,6,-0.0417792,-0.0209945
7,-4,8,-0.0646022,0.0146397
7,-4,7,-0.0474486,-0.0255364
7,-4,9,-0.071208,0.000918199
7,-4,10,-0.0658265,1.1906
7,-3,2,-0.00266625,3.52181e-06
7,-3,1,-0.00197759,-6.00548e-05
7,-3,3,-0.00719304,-9.92142e-05
7,-3,4,-0.0202533,0.0361593
7,-3,5,-0.0295141,-0.000658011
7,-3,6,-0.0379838,-0.0314546
7,-3,7,-0.050794,-0.00458638
7,-3,8,-0.0733911,0.250291
7,-3,9,-0.0706614,0.0395977
7,-2,1,-0.00217029,-2.55824e-05
7,-3,10,-0.0663921,0.194119
7,-2,2,-0.00215425,0.000335356
7,-2,4,-0.0101029,0.0257328
7,-2,3,-0.00277054,-0.00080958
7,-2,6,-0.033092,0.00785688
7,-2,7,-0.0603601,0.068838
7,-2,5,-0.0235322,0.0535469
7,-2,8,-0.0762599,0.0406586
7,-2,9,-0.0705831,0.194004
7,-1,2,-0.00149812,0.000721543
7,-2,10,-0.0666252,-0.522465
7,-1,1,-0.00211401,-0.00170532
7,-1,4,-0.00312393,-0.000834989
7,-1,3,-0.00312495,8.47993e-05
7,-1,5,-0.0152008,-0.0122025
7,-1,6,-0.03335,0.00603971
7,-1,8,-0.0768588,0.0479816
7,-1,7,-0.0672923,0.0495426
7,-1,10,-0.0666532,0.308739
7,-1,9,-0.0706486,0.0588584
7,0,2,-0.001454,-0.00206118
7,0,1,-0.00288431,0.00115003
7,0,3,-0.00242484,0.00135334
7,0,4,-0.00280363,-0.000698726
7,0,6,-0.0355014,-0.0043312
7,0,7,-0.0692765,0.072055
7,0,5,-0.00934851,0.0174488
7,0,8,-0.0768611,0.372552
7,0,10,-0.0666569,0.0376374
7,0,9,-0.0707527,-0.0107314
7,1,3,-0.00312495,8.47993e-05
7,1,1,-0.00211401,-0.00170532
7,1,2,-0.00149812,0.000721543
7,1,4,-0.00312393,-0.000834989
7,1,5,-0.0152008,-0.0122025
7,1,6,-0.03335,0.00603972
7,1,8,-0.0768588,0.0479815
7,1,9,-0.0706486,0.0588584
7,1,7,-0.0672923,0.0495426
7,1,10,-0.0666532,0.308739
7,2,1,-0.00217029,-2.55824e-05
7,2,2,-0.00215425,0.000335356
7,2,3,-0.00277054,-0.00080958
7,2,5,-0.0235322,0.0535469
7,2,4,-0.0101029,0.0257327
7,2,6,-0.033092,0.00785688
7,2,8,-0.0762599,0.0406586
7,2,7,-0.0603601,0.0687712
7,2,9,-0.0705831,0.194004
7,2,10,-0.0666252,-0.522465
7,3,1,-0.00197759,-6.00548e-05
7,3,3,-0.00719304,-9.92141e-05
7,3,2,-0.00266625,3.52181e-06
7,3,4,-0.0202533,0.0361592
7,3,5,-0.0295141,-0.000658011
7,3,6,-0.0379838,-0.0314547
7,3,7,-0.050794,-0.00458638
7,3,9,-0.0706614,0.0395977
7,3,10,-0.0663921,0.193647
7,3,8,-0.0733911,0.250301
7,4,1,-0.00313007,0.000125566
7,4,2,-0.00501231,0.000159863
7,4,4,-0.028491,0.0257278
7,4,6,-0.0417792,-0.0209944
7,4,3,-0.0184332,-0.00970287
7,4,5,-0.0355826,0.948615
7,4,8,-0.0646022,0.0146409
7,4,7,-0.0474486,-0.0255364
7,4,10,-0.0658265,1.1906
7,4,9,-0.071208,0.000918238
7,5,1,-0.00396259,-0.000433078
7,5,2,-0.0175463,0.0139254
7,5,3,-0.0294907,0.00460423
7,5,4,-0.0361499,-0.00421778
7,5,5,-0.0406655,-0.0148981
7,5,7,-0.0486704,0.230843
7,5,6,-0.0443525,0.133403
7,5,8,-0.0553653,0.238814
7,5,9,-0.0687678,-0.014144
7,5,10,-0.0654481,-0.0592652
7,6,1,-0.0190277,0.00571168
7,6,2,-0.0339926,0.207917
7,6,4,-0.0427419,0.0483362
7,6,3,-0.039706,0.0483377
7,6,5,-0.0449057,-0.188454
7,6,6,-0.0469449,-0.0741938
7,6,7,-0.0492079,1.72614
7,6,8,-0.0524012,-0.416667
7,6,9,-0.0607823,-0.0155112
7,7,1,-0.0501017,-0.266052
7,6,10,-0.0657844,0.0262999
7,7,2,-0.0492296,0.0240954
7,7,3,-0.048674,-0.00852995
7,7,4,-0.0484396,1.29163
7,7,5,-0.0485145,0.0539414
7,7,6,-0.0489269,-0.0490934
7,7,7,-0.0498565,-0.0252632
7,7,8,-0.0515825,0.10247
7,7,9,-0.0546164,1.78609
7,8,3,-0.056138,0.0729841
7,8,2,-0.0618896,-0.000702956
7,7,10,-0.0622494,0.0712194
7,8,1,-0.0757768,0.122129
7,8,4,-0.0531235,0.219955
7,8,5,-0.0514333,-0.650221
7,8,7,-0.0504106,0.0178267
7,8,6,-0.0505991,-0.00654462
7,8,8,-0.0508766,-0.617387
7,8,10,-0.0558534,0.387917
7,8,9,-0.052354,0.0814543
7,9,1,-0.0809358,-0.756406
7,9,2,-0.0710729,-0.0867329
7,9,4,-0.0567724,0.409649
7,9,6,-0.051867,0.100168
7,9,3,-0.0618408,0.0856136
7,9,5,-0.0537385,-0.0478636
7,9,7,-0.0508276,0.0896753
7,9,8,-0.0504925,-0.056682
7,9,10,-0.0521829,0.0943412
7,9,9,-0.0508382,-0.168605
7,10,2,-0.0740118,-0.0228973
7,10,1,-0.0746927,0.0322526
7,10,3,-0.065795,0.0985013
7,10,4,-0.0594743,0.0178448
7,10,7,-0.0511032,0.117138
7,10,6,-0.0527986,-0.0246133
7,10,5,-0.0554291,0.23669
7,10,8,-0.050113,0.0378133
7,10,9,-0.0497884,-0.013022
7,10,10,-0.050177,-0.122586
8,-10,3,-0.0553581,-0.00874861
8,-10,1,-0.07248,-0.187324
8,-10,2,-0.0636307,0.124432
8,-10,4,-0.0507738,-0.041416
8,-10,6,-0.0461668,0.0278502
8,-10,5,-0.0479723,0.0745117
8,-10,8,-0.0444247,0.00607082
8,-10,7,-0.0450352,0.0357525
8,-10,9,-0.0442545,0.0041268
8,-10,10,-0.0445775,0.037851
8,-9,2,-0.054911,-0.0598258
8,-9,1,-0.0671855,0.0886433
8,-9,4,-0.0470667,0.0170291
8,-9,3,-0.0497976,-1.73089
8,-9,6,-0.0445315,0.0224923
8,-9,5,-0.0454565,-0.106652
8,-9,7,-0.0440848,0.0473052
8,-9,8,-0.0440555,0.0187333
8,-9,9,-0.0445125,-0.0128714
8,-8,1,-0.043953,-0.066023
8,-9,10,-0.0455707,-0.209337
8,-8,3,-0.0427394,0.14412
8,-8,2,-0.0432373,0.0166072
8,-8,4,-0.0424571,-0.00511371
8,-8,5,-0.0423748,0.0200815
8,-8,7,-0.0428991,0.137419
8,-8,8,-0.0436469,-0.0223424
8,-8,6,-0.0424992,-0.0243255
8,-8,9,-0.0448217,0.0207435
8,-8,10,-0.0468972,0.0208869
8,-7,1,-0.0164967,-0.00201702
8,-7,2,-0.0295155,0.186803
8,-7,4,-0.0370092,0.0359511
8,-7,5,-0.0386993,3.54992
8,-7,3,-0.0344587,0.0565079
8,-7,6,-0.0401027,-0.0363353
8,-7,8,-0.0430739,-0.0995572
8,-7,7,-0.0414737,-0.0151139
8,-7,9,-0.0454848,0.0412491
8,-7,10,-0.0496756,-0.0568161
8,-6,1,-0.00339027,-0.000369285
8,-6,3,-0.0252643,0.0296156
8,-6,2,-0.0150316,-0.00415353
8,-6,4,-0.0308571,0.00765006
8,-6,6,-0.0372194,-0.000734288
8,-6,7,-0.0398019,0.0573918
8,-6,5,-0.034473,0.0310078
8,-6,10,-0.0566531,-0.070097
8,-6,8,-0.0426796,-0.14456
8,-6,9,-0.0461947,-0.0253264
8,-5,1,-0.00264792,0.000105105
8,-5,2,-0.00422422,0.000111656
8,-5,3,-0.0155333,0.0278735
8,-5,5,-0.0296211,0.0454167
8,-5,6,-0.0340346,-0.145215
8,-5,4,-0.0239546,0.00472296
8,-5,7,-0.0377397,0.0283593
8,-5,8,-0.0420014,0.00122211
8,-5,10,-0.0626561,-0.198778
8,-5,9,-0.0505821,-0.414871
8,-4,1,-0.00163869,-4.94836e-05
8,-4,3,-0.0059846,0.0244308
8,-4,2,-0.00219985,6.84984e-05
8,-4,5,-0.0242069,0.028339
8,-4,4,-0.0165795,0.008293
8,-4,6,-0.029982,-0.410528
8,-4,8,-0.0415218,-0.0424892
8,-4,7,-0.0359035,0.0151802
8,-4,9,-0.059702,-0.0423108
8,-4,10,-0.0634627,-0.0814997
8,-3,1,-0.00177568,3.03806e-05
8,-3,4,-0.00824866,-0.00141388
8,-3,2,-0.001729,5.29513e-05
8,-3,5,-0.0182222,-0.0360523
8,-3,6,-0.0257279,-0.044806
8,-3,3,-0.00219566,-0.000212489
8,-3,7,-0.0324646,-0.0125126
8,-3,8,-0.0467785,-0.0632159
8,-3,9,-inf,-inf
8,-2,1,-0.0012997,3.36165e-05
8,-3,10,-0.063084,-0.0645864
8,-2,2,-0.00160226,-0.000319626
8,-2,3,-0.00185886,0.00063474
8,-2,5,-0.0107141,0.0424809
8,-2,4,-0.0030318,-0.000831179
8,-2,6,-0.0212157,0.0120393
8,-2,8,-0.0550837,0.0230156
8,-2,7,-0.0300691,0.0635526
8,-2,9,-0.067549,0.413298
8,-2,10,-0.0630071,-0.0192976
8,-1,1,-0.00115346,0.00150287
8,-1,2,-0.00184057,-0.000630217
8,-1,3,-0.00111971,-2.65678e-05
8,-1,4,-0.00254924,0.000541015
8,-1,6,-0.0152657,-0.00593825
8,-1,5,-0.00424005,0.000732365
8,-1,8,-0.0599039,0.0348002
8,-1,9,-0.0679651,0.50375
8,-1,7,-0.0323498,0.0221655
8,0,1,-0.000511609,-0.000943618
8,-1,10,-0.063104,-0.134213
8,0,2,-0.0018172,0.00172594
8,0,3,-0.00146247,-0.00110836
8,0,5,-0.00233668,-0.000518204
8,0,4,-0.00210916,0.000588636
8,0,6,-0.0122493,-0.0107946
8,0,7,-0.0340255,0.0506574
8,0,8,-0.0614476,0.0624584
8,0,10,-0.0631463,0.31633
8,0,9,-0.0679509,-5.23294
8,1,1,-0.00115346,0.00150287
8,1,2,-0.00184057,-0.000630217
8,1,4,-0.00254924,0.000541015
8,1,3,-0.00111971,-2.65678e-05
8,1,6,-0.0152657,-0.00593825
8,1,8,-0.0599039,0.0348002
8,1,7,-0.0323498,0.0221656
8,1,10,-0.063104,-0.134213
8,1,5,-0.00424005,0.000732365
8,1,9,-0.0679651,0.504265
8,2,2,-0.00160226,-0.000319626
8,2,1,-0.0012997,3.36165e-05
8,2,3,-0.00185886,0.00063474
8,2,4,-0.0030318,-0.000831179
8,2,6,-0.0212157,0.0120393
8,2,5,-0.0107141,0.0424808
8,2,7,-0.0300691,0.0635526
8,2,9,-0.067549,0.413298
8,2,10,-0.0630071,-0.0192976
8,2,8,-0.0550837,0.0230156
8,3,1,-0.00177568,3.03806e-05
8,3,2,-0.001729,5.29513e-05
8,3,3,-0.00219566,-0.000212489
8,3,4,-0.00824866,-0.00141388
8,3,5,-0.0182222,-0.0360485
8,3,6,-0.0257279,-0.044806
8,3,8,-0.0467785,-0.0632159
8,3,7,-0.0324646,-0.0125126
8,3,10,-0.063084,-0.0645864
8,3,9,-inf,-inf
8,4,1,-0.00163869,-4.94836e-05
8,4,2,-0.00219985,6.84984e-05
8,4,3,-0.0059846,0.0244308
8,4,4,-0.0165795,0.008293
8,4,5,-0.0242069,0.028339
8,4,6,-0.029982,-0.411221
8,4,7,-0.0359035,0.0151802
8,4,9,-0.059702,-0.0423108
8,4,8,-0.0415218,-0.042489
8,4,10,-0.0634627,-0.0814997
8,5,2,-0.00422422,0.000111656
8,5,1,-0.00264792,0.000105105
8,5,3,-0.0155333,0.0278735
8,5,5,-0.0296211,0.0454167
8,5,4,-0.0239546,0.00472296
8,5,6,-0.0340346,-0.145279
8,5,8,-0.0420014,0.00122215
8,5,7,-0.0377397,0.0283593
8,5,9,-0.0505821,-0.414871
8,5,10,-0.0626561,-0.198834
8,6,1,-0.00339027,-0.000369285
8,6,2,-0.0150316,-0.00415353
8,6,4,-0.0308571,0.00765006
8,6,5,-0.034473,0.0310079
8,6,3,-0.0252643,0.0296156
8,6,6,-0.0372194,-0.000734234
8,6,7,-0.0398019,0.0573918
8,6,9,-0.0461947,-0.0253264
8,6,8,-0.0426796,-0.14456
8,6,10,-0.0566531,-0.0700611
8,7,1,-0.0164967,-0.00201702
8,7,2,-0.0295155,0.186803
8,7,3,-0.0344587,0.0565079
8,7,7,-0.0414737,-0.0151139
8,7,4,-0.0370092,0.0359511
8,7,6,-0.0401027,-0.0363353
8,7,5,-0.0386993,3.54992
8,7,8,-0.0430739,-0.0995572
8,7,9,-0.0454848,0.041249
8,8,1,-0.043953,-0.066023
8,8,2,-0.0432373,0.0166072
8,7,10,-0.0496756,-0.0568161
8,8,3,-0.0427394,0.14412
8,8,4,-0.0424571,-0.00511369
8,8,5,-0.0423748,0.02008
8,8,6,-0.0424992,-0.0243256
8,8,8,-0.0436469,-0.0223424
8,8,9,-0.0448217,0.0207435
8,8,7,-0.0428991,0.137419
8,9,1,-0.0671855,0.0886433
8,8,10,-0.0468972,0.0208933
8,9,2,-0.054911,-0.0598258
8,9,4,-0.0470667,0.0170291
8,9,5,-0.0454565,-0.106648
8,9,3,-0.0497976,-1.73247
8,9,7,-0.0440848,0.047305
8,9,6,-0.0445315,0.0224923
8,9,9,-0.0445125,-0.0128723
8,9,8,-0.0440555,0.0187333
8,10,2,-0.0636307,0.124432
8,9,10,-0.0455707,-0.209552
8,10,1,-0.07248,-0.187324
8,10,3,-0.0553581,-0.00874861
8,10,4,-0.0507738,-0.041416
8,10,6,-0.0461668,0.0278501
8,10,5,-0.0479723,0.0745117
8,10,7,-0.0450352,0.0357525
8,10,8,-0.0444247,0.00607082
8,10,9,-0.0442545,0.00412683
9,-10,1,-0.060347,0.060634
9,-10,2,-0.0493564,0.120252
8,10,10,-0.0445775,0.037851
9,-10,3,-0.0447638,-0.0327236
9,-10,4,-0.0422831,0.120413
9,-10,5,-0.0407777,0.00778711
9,-10,8,-0.0390707,0.00775347
9,-10,9,-0.0391426,-0.0833758
9,-10,7,-0.0393059,-0.000230687
9,-10,6,-0.0398491,0.0283402
9,-10,10,-0.0395295,-0.0270412
9,-9,1,-0.0391512,0.0204561
9,-9,5,-0.037684,-0.000914278
9,-9,4,-0.0378307,-0.0586728
9,-9,2,-0.0385556,0.377591
9,-9,6,-0.0376765,-0.0610767
9,-9,3,-0.0381167,-0.138357
9,-9,8,-0.0381975,0.168686
9,-9,10,-0.0396947,0.0604883
9,-9,7,-0.0378398,0.0736683
9,-8,1,-0.0145608,0.00109434
9,-9,9,-0.0387706,-0.0199737
9,-8,2,-0.0260883,-0.026011
9,-8,3,-0.0304591,0.00100624
9,-8,5,-0.0340831,0.625106
9,-8,7,-0.036118,0.0134822
9,-8,6,-0.0351587,0.0251672
9,-8,4,-0.0326779,0.0309703
9,-8,8,-0.037125,0.0375564
9,-8,10,-0.0400561,0.192135
9,-8,9,-0.0383881,0.0729293
9,-7,2,-0.0131514,-0.0879786
9,-7,1,-0.00296293,-0.000321782
9,-7,3,-0.0221148,0.034922
9,-7,4,-0.0269653,-0.0390435
9,-7,6,-0.03224,0.00720027
9,-7,5,-0.0300205,0.0238157
9,-7,7,-0.0341273,0.0235216
9,-7,9,-0.0378748,-2.22088
9,-7,10,-0.0405569,-0.205551
9,-7,8,-0.0359606,0.0766932
9,-6,1,-0.00229433,9.01079e-05
9,-6,2,-0.00365145,8.63152e-05
9,-6,3,-0.0134377,0.003739
9,-6,4,-0.0206993,0.0163013
9,-6,5,-0.0254863,-0.132466
9,-6,6,-0.0290036,-0.00223713
9,-6,8,-0.0344688,-0.00410016
9,-6,7,-0.0318314,-0.00495859
9,-6,9,-0.0376818,-0.210263
9,-6,10,-0.0416167,-0.0446961
9,-5,1,-0.00140082,-4.18328e-05
9,-5,2,-0.00187655,7.90252e-05
9,-5,3,-0.00511316,0.000865238
9,-5,4,-0.0141194,0.00837021
9,-5,6,-0.0252304,-0.0128647
9,-5,5,-0.0205261,0.0270467
9,-5,8,-0.0329683,0.0170257
9,-5,9,-0.0367998,0.142706
9,-5,7,-0.0292981,0.00900273
9,-5,10,-0.0474106,-0.127688
9,-4,1,-0.00150519,2.53623e-05
9,-4,2,-0.00145936,-1.37035e-05
9,-4,3,-0.00180006,-8.3731e-05
9,-4,5,-0.0150623,0.0875511
9,-4,4,-0.00699774,0.00904079
9,-4,7,-0.0259922,-0.0520057
9,-4,8,-0.0314054,0.0298829
9,-4,6,-0.0212828,0.0414787
9,-4,9,-0.037649,0.0263702
9,-4,10,-0.0553908,-4.09177
9,-3,3,-0.00153221,0.000142149
9,-3,4,-0.00236726,-0.000145106
9,-3,1,-0.00107776,-1.8015e-05
9,-3,2,-0.00133841,-7.24535e-05
9,-3,5,-0.00899152,0.0381147
9,-3,7,-0.0230019,0.0227798
9,-3,8,-0.0285425,-0.0212879
9,-3,6,-0.0165316,-0.0429507
9,-3,9,-0.0439041,-0.0663097
9,-2,1,-0.00124561,-3.52877e-05
9,-3,10,-0.0594102,-1.50031
9,-2,3,-0.00131842,-0.00055115
9,-2,2,-0.00116332,0.000296554
9,-2,4,-0.00147683,0.000653179
9,-2,5,-0.00384613,0.00302296
9,-2,6,-0.0109542,0.010896
9,-2,7,-0.0192816,-0.0487886
9,-2,9,-0.0504774,0.01357
9,-2,10,-0.0606455,-0.138171
9,-1,1,-0.00126591,-0.00134308
9,-2,8,-0.0284103,0.0201433
9,-1,2,-0.000849407,0.000560222
9,-1,3,-0.00165427,1.90266e-06
9,-1,4,-0.00107025,-0.000395861
9,-1,5,-0.00206581,0.000469511
9,-1,7,-0.0155193,-0.0227726
9,-1,6,-0.00549102,-0.0292134
9,-1,8,-0.0312115,0.0163323
9,-1,9,-0.0540269,1.74472
9,0,1,-0.00174008,0.000800812
9,0,3,-0.00134817,0.000940496
9,0,2,-0.000820541,-0.00148869
9,-1,10,-0.0608875,0.00412235
9,0,4,-0.00127197,-0.000499042
9,0,6,-0.00249538,-0.000714612
9,0,5,-0.00203102,0.000374337
9,0,8,-0.0323161,-0.0519135
9,0,7,-0.0147116,-0.00708733
9,0,9,-0.0552036,0.0545771
9,0,10,-0.0609171,0.19601
9,1,1,-0.00126591,-0.00134308
9,1,2,-0.000849407,0.000560222
9,1,4,-0.00107025,-0.000395861
9,1,3,-0.00165427,1.90266e-06
9,1,5,-0.00206581,0.000469511
9,1,6,-0.00549102,-0.0292136
9,1,7,-0.0155193,-0.0227726
9,1,9,-0.0540269,1.74472
9,1,8,-0.0312115,0.0163323
9,1,10,-0.0608875,0.0041223
9,2,1,-0.00124561,-3.52877e-05
9,2,3,-0.00131842,-0.00055115
9,2,2,-0.00116332,0.000296554
9,2,4,-0.00147683,0.000653179
9,2,5,-0.00384613,0.00302296
9,2,7,-0.0192816,-0.0487886
9,2,6,-0.0109542,0.010896
9,2,8,-0.0284103,0.0201433
9,2,9,-0.0504774,0.0135699
9,2,10,-0.0606455,-0.138209
9,3,2,-0.00133841,-7.24535e-05
9,3,1,-0.00107776,-1.8015e-05
9,3,3,-0.00153221,0.000142149
9,3,4,-0.00236726,-0.000145106
9,3,5,-0.00899152,0.0381147
9,3,6,-0.0165316,-0.0429506
9,3,7,-0.0230019,0.0227798
9,3,8,-0.0285425,-0.0212879
9,3,9,-0.0439041,-0.0663097
9,4,2,-0.00145936,-1.37035e-05
9,4,1,-0.00150519,2.53623e-05
9,3,10,-0.0594102,-1.56606
9,4,3,-0.00180006,-8.3731e-05
9,4,5,-0.0150623,0.0875498
9,4,4,-0.00699774,0.00904079
9,4,7,-0.0259922,-0.0520054
9,4,6,-0.0212828,0.0414787
9,4,8,-0.0314054,0.0298829
9,4,9,-0.037649,0.0263702
9,4,10,-0.0553908,-4.09177
9,5,1,-0.00140082,-4.18328e-05
9,5,3,-0.00511316,0.000865238
9,5,2,-0.00187655,7.90252e-05
9,5,4,-0.0141194,0.00837021
9,5,5,-0.0205261,0.0270467
9,5,6,-0.0252304,-0.0128647
9,5,7,-0.0292981,0.00900272
9,5,8,-0.0329683,0.0170257
9,5,10,-0.0474106,-0.127688
9,5,9,-0.0367998,0.142705
9,6,1,-0.00229433,9.01079e-05
9,6,3,-0.0134377,0.003739
9,6,2,-0.00365145,8.63152e-05
9,6,4,-0.0206993,0.0163018
9,6,6,-0.0290036,-0.00223713
9,6,5,-0.0254863,-0.132466
9,6,7,-0.0318314,-0.00495859
9,6,8,-0.0344688,-0.00410147
9,6,9,-0.0376818,-0.210263
9,6,10,-0.0416167,-0.0446846
9,7,1,-0.00296293,-0.000321782
9,7,2,-0.0131514,-0.0879782
9,7,3,-0.0221148,0.0349221
9,7,6,-0.03224,0.00720027
9,7,4,-0.0269653,-0.0390435
9,7,5,-0.0300205,0.0238157
9,7,8,-0.0359606,0.0766929
9,7,7,-0.0341273,0.0235216
9,7,9,-0.0378748,-2.11776
9,7,10,-0.0405569,-0.205551
9,8,1,-0.0145608,0.00109434
9,8,3,-0.0304591,0.00100624
9,8,2,-0.0260883,-0.026011
9,8,4,-0.0326779,0.0309704
9,8,5,-0.0340831,0.625106
9,8,6,-0.0351587,0.0251671
9,8,8,-0.037125,0.0375564
9,8,9,-0.0383881,0.0729294
9,8,7,-0.036118,0.0134822
9,8,10,-0.0400561,0.192135
9,9,2,-0.0385556,0.377591
9,9,3,-0.0381167,-0.138357
9,9,1,-0.0391512,0.0204561
9,9,4,-0.0378307,-0.0586728
9,9,5,-0.037684,-0.000914278
9,9,6,-0.0376765,-0.0610767
9,9,8,-0.0381975,0.168686
9,9,9,-0.0387706,-0.0199737
9,9,10,-0.0396947,0.0604883
9,9,7,-0.0378398,0.0736683
9,10,1,-0.060347,0.060634
9,10,2,-0.0493564,0.120252
9,10,3,-0.0447638,-0.0327236
9,10,4,-0.0422831,0.120416
9,10,5,-0.0407777,0.00778711
9,10,6,-0.0398491,0.0283402
9,10,7,-0.0393059,-0.00023079
9,10,8,-0.0390707,0.00775345
9,10,10,-0.0395295,-0.0270412
9,10,9,-0.0391426,-0.0833758
10,-10,1,-0.0352969,-0.0265481
10,-10,2,-0.0347945,0.0592072
10,-10,3,-0.0344088,-0.0265397
10,-10,4,-0.0341362,0.0298119
10,-10,6,-0.0338944,0.00167116
10,-10,5,-0.0339655,-0.00440984
10,-10,7,-0.0339394,0.0163741
10,-10,8,-0.0341087,0.0465365
10,-10,9,-0.0344081,-0.062656
10,-10,10,-0.0348936,-0.0180162
10,-9,2,-0.0233783,-0.0054792
10,-9,1,-0.013032,0.000460742
10,-9,3,-0.0273037,0.0311155
10,-9,4,-0.0292781,-0.00427828
10,-9,5,-0.0304931,0.0231452
10,-9,6,-0.0313732,0.0236704
10,-9,7,-0.0321066,-0.0313403
10,-9,8,-0.0328185,0.0368542
10,-9,9,-0.0336216,-0.178097
10,-8,1,-0.00263151,-0.000285077
10,-9,10,-0.0345766,0.0796147
10,-8,2,-0.0116915,0.00826104
10,-8,3,-0.0196726,-0.0110605
10,-8,4,-0.0239694,-0.0519435
10,-8,5,-0.0266349,0.0271717
10,-8,6,-0.0285168,0.183987
10,-8,8,-0.0313792,-0.079451
10,-8,7,-0.0300281,-0.304919
10,-8,9,-0.0326868,0.00969785
10,-8,10,-0.0341821,-0.0182592
10,-7,1,-0.00202401,7.87802e-05
10,-7,2,-0.0032161,7.069e-05
10,-7,4,-0.0182421,-0.0731394
10,-7,3,-0.0118472,-0.00861755
10,-7,5,-0.0224102,-0.0328725
10,-7,6,-0.0253826,-0.0825199
10,-7,7,-0.0276884,0.100084
10,-7,8,-0.0296819,0.0390019
10,-7,9,-0.0317119,-0.0452201
10,-7,10,-0.0338412,-0.029011
10,-6,1,-0.0012238,-3.60195e-05
10,-6,3,-0.00446295,0.00142262
10,-6,2,-0.00163723,7.80544e-05
10,-6,4,-0.0123172,0.00298105
10,-6,6,-0.0218703,0.070292
10,-6,5,-0.0178569,-0.00662383
10,-6,7,-0.0250885,-0.0207896
10,-6,8,-0.0278787,-0.074807
10,-6,9,-0.0303775,-0.111905
10,-5,1,-0.00130504,2.16481e-05
10,-6,10,-0.0336408,-0.779342
10,-5,2,-0.00126115,-3.02642e-05
10,-5,4,-0.00604463,0.00480654
10,-5,3,-0.00153989,-5.39788e-05
10,-5,5,-0.0129579,0.00637865
10,-5,6,-0.0181407,-0.449056
10,-5,8,-0.0256924,0.0660465
10,-5,9,-0.0293787,1.01861
10,-5,7,-0.0221078,-0.00546204
10,-4,1,-0.000918904,-1.51813e-05
10,-5,10,-0.0328261,-0.0337414
10,-4,3,-0.00132743,3.50711e-05
10,-4,2,-0.00113823,-9.20267e-06
10,-4,4,-0.00193102,-6.47401e-05
10,-4,5,-0.00773195,0.00265055
10,-4,7,-0.0190883,-0.011655
10,-4,6,-0.0138172,-0.00776597
10,-4,8,-0.0230845,0.0155844
10,-4,9,-0.0277904,-0.0611869
10,-4,10,-0.0352236,0.823606
10,-3,1,-0.00105506,1.18441e-05
10,-3,2,-0.000967335,7.8018e-05
10,-3,3,-0.00109531,-0.000125674
10,-3,6,-0.0093662,-0.0104794
10,-3,4,-0.00128187,7.69911e-05
10,-3,5,-0.00300091,0.000902882
10,-3,8,-0.0208443,0.0274825
10,-3,7,-0.0151453,0.00300343
10,-3,9,-0.0259497,-0.0295895
10,-3,10,-0.04145,0.0326064
10,-2,1,-0.000806889,3.47032e-05
10,-2,2,-0.000964012,-0.000273554
10,-2,3,-0.00101691,0.000491249
10,-2,5,-0.00117763,0.00037189
10,-2,4,-0.00126,-0.000549074
10,-2,7,-0.0109403,0.00701462
10,-2,8,-0.0177979,-1.39766
10,-2,9,-0.027401,0.448069
10,-2,6,-0.00482066,0.00859306
10,-2,10,-0.0464606,-0.0708594
10,-1,2,-0.00113809,-0.000504504
10,-1,1,-0.000721996,0.00121369
10,-1,3,-0.000648682,1.02323e-05
10,-1,4,-0.00137958,0.000315027
10,-1,5,-0.00112318,-0.000379244
10,-1,6,-0.00196748,0.00018743
10,-1,8,-0.0160232,-0.000108387
10,-1,7,-0.00650611,0.0105728
10,-1,9,-0.0298701,0.037664
10,-1,10,-0.0492435,0.0288682
10,0,1,-0.000318095,-0.000696394
10,0,2,-0.00114089,0.00131134
10,0,3,-0.000849459,-0.000818604
10,0,4,-0.00116791,0.000431669
10,0,5,-0.00104711,-0.00030686
10,0,7,-0.0035253,-0.000139424
10,0,6,-0.00188379,0.00043318
10,0,10,-0.050102,0.0488142
10,0,8,-0.0162855,-0.00282853
10,0,9,-0.0306845,0.0170736
10,1,2,-0.00113809,-0.000504504
10,1,1,-0.000721996,0.00121369
10,1,3,-0.000648682,1.02323e-05
10,1,4,-0.00137958,0.000315027
10,1,7,-0.00650611,0.0105728
10,1,6,-0.00196748,0.00018743
10,1,5,-0.00112318,-0.000379244
10,1,8,-0.0160232,-0.000108387
10,1,9,-0.0298701,0.0376641
10,2,1,-0.000806889,3.47032e-05
10,1,10,-0.0492435,0.0288682
10,2,3,-0.00101691,0.000491249
10,2,4,-0.00126,-0.000549074
10,2,2,-0.000964012,-0.000273554
10,2,5,-0.00117763,0.00037189
10,2,7,-0.0109403,0.00701462
10,2,6,-0.00482066,0.00859305
10,2,8,-0.0177979,-1.39766
10,2,10,-0.0464606,-0.0708594
10,2,9,-0.027401,0.44807
10,3,1,-0.00105506,1.18441e-05
10,3,2,-0.000967335,7.8018e-05
10,3,3,-0.00109531,-0.000125674
10,3,5,-0.00300091,0.000902882
10,3,4,-0.00128187,7.69911e-05
10,3,6,-0.0093662,-0.0104794
10,3,7,-0.0151453,0.00300343
10,4,1,-0.000918904,-1.51813e-05
10,3,9,-0.0259497,-0.0295891
10,3,8,-0.0208443,0.0274825
10,3,10,-0.04145,0.0326064
10,4,2,-0.00113823,-9.20267e-06
10,4,3,-0.00132743,3.50711e-05
10,4,5,-0.00773195,0.00265055
10,4,4,-0.00193102,-6.47401e-05
10,4,6,-0.0138172,-0.00776597
10,4,8,-0.0230845,0.0155844
10,4,7,-0.0190883,-0.011655
10,4,9,-0.0277904,-0.0611869
10,4,10,-0.0352236,0.823606
10,5,2,-0.00126115,-3.02642e-05
10,5,1,-0.00130504,2.16481e-05
10,5,4,-0.00604463,0.00480654
10,5,3,-0.00153989,-5.39788e-05
10,5,5,-0.0129579,0.00637865
10,5,6,-0.0181407,-0.449056
10,5,7,-0.0221078,-0.00546204
10,5,9,-0.0293787,1.01861
10,5,8,-0.0256924,0.066047
10,5,10,-0.0328261,-0.0337417
10,6,1,-0.0012238,-3.60195e-05
10,6,2,-0.00163723,7.80544e-05
10,6,3,-0.00446295,0.00142262
10,6,4,-0.0123172,0.00298105
10,6,6,-0.0218703,0.070298
10,6,5,-0.0178569,-0.00662383
10,6,7,-0.0250885,-0.0207897
10,6,9,-0.0303775,-0.111905
10,6,8,-0.0278787,-0.0748068
10,6,10,-0.0336408,-0.779342
10,7,1,-0.00202401,7.87802e-05
10,7,3,-0.0118472,-0.00861755
10,7,2,-0.0032161,7.069e-05
10,7,4,-0.0182421,-0.0731394
10,7,6,-0.0253826,-0.0825199
10,7,5,-0.0224102,-0.0328725
10,7,7,-0.0276884,0.100084
10,7,8,-0.0296819,0.0390019
10,7,9,-0.0317119,-0.0452201
10,7,10,-0.0338412,-0.029011
10,8,2,-0.0116915,0.00826104
10,8,1,-0.00263151,-0.000285077
10,8,3,-0.0196726,-0.0110605
10,8,4,-0.0239694,-0.0519435
10,8,5,-0.0266349,0.0271717
10,8,6,-0.0285168,0.183987
10,8,8,-0.0313792,-0.0794654
10,8,7,-0.0300281,-0.304857
10,8,9,-0.0326868,0.00969785
10,8,10,-0.0341821,-0.0182592
10,9,1,-0.013032,0.000460742
10,9,3,-0.0273037,0.0311152
10,9,4,-0.0292781,-0.00427828
10,9,2,-0.0233783,-0.00547936
10,9,6,-0.0313732,0.0236704
10,9,5,-0.0304931,0.0231452
10,9,9,-0.0336216,-0.178097
10,9,8,-0.0328185,0.0368542
10,9,7,-0.0321066,-0.0313403
10,9,10,-0.0345766,0.0796147
10,10,1,-0.0352969,-0.0265481
10,10,5,-0.0339655,-0.00440985
10,10,2,-0.0347945,0.0592072
10,10,3,-0.0344088,-0.0265397
10,10,4,-0.0341362,0.0298099
10,10,6,-0.0338944,0.00167116
10,10,8,-0.0341087,0.0465365
10,10,7,-0.0339394,0.0163741
1,2,0,-0.385268,-0.238801
10,10,10,-0.0348936,-0.0180161
1,1,0,-0.344304,1.49494
10,10,9,-0.0344081,-0.0626559
1,4,0,-0.205423,0.02692
1,5,0,-0.160699,0.290471
1,3,0,-0.255833,0.159829
1,8,0,-0.104394,-0.0606113
1,7,0,-0.116615,-0.208885
1,6,0,-0.138575,-0.063997
1,9,0,-0.0914166,-0.550233
1,10,0,-0.0837002,-0.541476
2,3,0,-0.24889,-0.453138
2,2,0,-0.174403,0.67317
2,1,0,-0.0129079,-0.0060833
2,4,0,-0.187613,-0.11433
2,5,0,-0.160997,-0.150826
2,6,0,-0.132174,0.0794246
2,7,0,-0.117345,-0.0703702
2,8,0,-0.101221,0.0137231
2,10,0,-0.0818356,0.145173
2,9,0,-0.0920719,-0.0712334
3,2,0,-0.00879258,-0.00686335
3,1,0,-0.0183816,-0.0019356
3,5,0,-0.14757,-0.0195974
3,3,0,-0.117405,0.418256
3,4,0,-0.183545,0.326458
3,8,0,-0.101385,-0.315273
3,6,0,-0.13185,-0.077414
3,7,0,-0.111773,0.10709
4,1,0,-0.00123311,0.00278022
3,10,0,-0.0821102,0.55201
3,9,0,-0.0891048,0.0528811
4,3,0,-0.00619473,-0.00498034
4,2,0,-0.0115451,0.00155543
4,4,0,-0.0884794,0.297359
4,7,0,-0.111479,-27.1063
4,6,0,-0.121486,-0.22291
4,5,0,-0.145332,0.881205
4,8,0,-0.0966512,-0.0576055
4,9,0,-0.0890874,-0.0895102
4,10,0,-0.07943,-0.0751444
5,1,0,-0.00643008,-0.00268774
5,2,0,-0.00135592,-0.000461951
5,3,0,-0.00867858,0.00128865
5,4,0,-0.00478724,-0.00388341
5,5,0,-0.0709916,0.227723
5,6,0,-0.120279,-0.156789
5,10,0,-0.0793763,-0.0463042
5,8,0,-0.0965029,0.256057
5,9,0,-0.0850598,0.0523748
5,7,0,-0.1032,0.0507729
6,1,0,-0.000428994,0.00244378
6,2,0,-0.0044873,0.000109126
6,3,0,-0.00104821,-0.000483399
6,4,0,-0.00694737,0.00106618
6,7,0,-0.10259,-0.0464515
6,6,0,-0.0592762,0.182839
6,5,0,-0.00389879,-0.00317122
6,8,0,-0.0896832,0.16602
6,9,0,-0.0850499,-0.149458
6,10,0,-0.0759169,-0.0101697
7,3,0,-0.00359225,0.000204123
7,2,0,-0.000581562,3.02344e-05
7,1,0,-0.00325559,-0.00219845
7,4,0,-0.000858159,-0.000436588
7,5,0,-0.00579351,0.000897054
7,7,0,-0.0508799,0.151693
7,9,0,-0.0792913,0.0489547
7,10,0,-0.0760159,0.055293
7,6,0,-0.00328793,-0.00267612
7,8,0,-0.0894357,0.227766
8,1,0,-0.000219264,0.00198201
8,4,0,-0.00299182,0.000211349
8,2,0,-0.00241416,-9.08042e-05
8,3,0,-0.000474866,-8.31715e-05
8,5,0,-0.000725172,-0.000382589
8,6,0,-0.00496868,0.000770625
8,8,0,-0.0445671,0.12892
8,7,0,-0.00284229,-0.0023132
8,9,0,-0.0792712,0.264039
8,10,0,-0.0710546,0.442844
9,2,0,-0.000329928,0.000117683
9,1,0,-0.00196328,-0.00179713
9,3,0,-0.00201216,2.3697e-05
9,5,0,-0.00256444,0.000195678
9,4,0,-0.000403714,-0.000110002
9,6,0,-0.000627578,-0.000336463
9,7,0,-0.00434958,0.000673953
9,9,0,-0.0396478,0.111606
10,1,0,-0.000133946,0.00164007
9,10,0,-0.0711812,0.94631
9,8,0,-0.00250286,-0.00203622
10,3,0,-0.000279076,7.88761e-06
10,2,0,-0.0015141,-0.000128749
10,4,0,-0.0017229,5.77938e-05
10,6,0,-0.00224414,0.000177311
10,7,0,-0.000553011,-0.000298722
10,5,0,-0.000350189,-0.000110001
10,9,0,-0.00223572,-0.00181809
10,8,0,-0.00386774,0.000598132
1,0,0,-0.170554,-0.236125
10,10,0,-0.0357066,0.0980374
2,0,0,0,0.118062
3,0,0,-0.0189504,-0.0787082
4,0,0,0,0.0590312
5,0,0,-0.00682215,-0.0472249
7,0,0,-0.00348069,-0.0337321
8,0,0,0,0.0295156
6,0,0,0,0.0393541
9,0,0,-0.0021056,-0.0262361
10,0,0,0,0.0236125
1,-10,4,-0.0861573,-0.270659
0,-10,2,-0.0840188,-3.63858e-05
0,-10,1,-0.0835932,4.42499e-10
0,-10,6,-0.0910745,-1.10467e-08
0,-10,5,-0.0884781,-8.14432e-09
0,-10,3,-0.0849727,-6.22069e-10
0,-10,4,-0.0864812,1.94164e-08
0,-10,7,-0.0935194,1.15617e-08
0,-10,8,-0.0866978,-8.76677e-07
0,-9,1,-0.0925872,1.53545e-06
0,-9,2,-0.0935077,-7.93289e-08
0,-10,10,-0.0724091,7.01581e-05
0,-10,9,-0.0790674,2.1853e-07
0,-9,3,-0.0948547,0.0004823
0,-9,4,-0.0967607,3.63823e-08
0,-9,7,-0.0983261,-6.51995e-10
0,-9,8,-0.0885635,1.54897e-08
0,-9,5,-0.0996026,3.13791e-09
0,-9,6,-0.103434,1.38232e-09
0,-9,9,-0.0802707,-0.123037
0,-9,10,-0.0734029,-2.41848e-09
0,-8,1,-0.104383,1.95046e-10
0,-8,3,-0.107146,-6.10996e-07
0,-8,2,-0.105262,1.82841e-08
0,-8,4,-0.110239,-5.83753e-09
0,-8,5,-0.114543,-1.32732e-06
0,-8,6,-0.11299,2.62348e-08
0,-8,8,-0.0901423,-0.000147618
0,-8,7,-0.100535,3.84984e-07
0,-8,10,-0.0743549,2.24918e-09
0,-8,9,-0.0816281,2.49659e-08
0,-7,2,-0.120684,1.49264e-05
0,-7,1,-0.118802,7.23039e-06
0,-7,3,-0.123666,1.11541e-05
0,-7,4,-0.12801,1.49583e-05
0,-7,6,-0.116381,1.81602e-07
0,-7,5,-0.130969,5.6906e-07
0,-7,8,-0.0918068,2.72564e-07
0,-7,7,-0.102896,-7.76898e-08
0,-7,9,-0.0826248,-5.196e-07
0,-7,10,-0.0752869,-1.90336e-09
0,-6,2,-0.141223,0.000814186
0,-6,1,-0.139016,2.84979e-10
0,-6,3,-0.145785,1.29597e-07
0,-6,7,-0.104739,3.77246e-05
0,-6,4,-0.152658,1.37697e-10
0,-6,6,-0.119717,9.60641e-06
0,-6,5,-0.1385,-0.00736735
0,-6,8,-0.09316,1.21843e-09
0,-6,9,-0.0839223,-1.6239e-08
0,-6,10,-0.0759191,3.9461e-09
0,-5,1,-0.165859,-7.27717e-05
0,-5,2,-0.170818,3.88329e-08
0,-5,4,-0.170436,-1.75335e-06
0,-5,3,-0.179631,-2.20934e-08
0,-5,5,-0.142701,0.000140316
0,-5,7,-0.106916,8.16217e-07
0,-5,6,-0.122103,3.66136e-08
0,-5,10,-0.0769134,2.17835e-09
0,-5,8,-0.0944224,-6.76014e-08
0,-5,9,-0.0846618,4.5767e-06
0,-4,1,-0.208468,3.65683e-08
0,-4,2,-0.216557,-1.16751e-08
0,-4,3,-0.217505,5.24696e-08
0,-4,4,-0.176672,-0.000295236
0,-4,5,-0.146929,4.49835e-09
0,-4,6,-0.124897,3.93141e-08
0,-4,7,-0.108,1.41059e-08
0,-4,9,-0.085386,5.90465e-09
0,-4,8,-0.0959164,-1.12168e-08
0,-4,10,-0.0774257,5.24684e-09
0,-3,2,-0.290204,2.75394e-10
0,-3,1,-0.27564,0.00162837
0,-3,4,-0.184056,2.43687e-09
0,-3,3,-0.233592,1.92128e-05
0,-3,6,-0.127093,4.5157e-09
0,-3,5,-0.14939,7.89221e-09
0,-3,7,-0.109643,-3.65047e-11
0,-3,8,-0.0964287,1.75459e-09
0,-3,10,-0.0777499,1.32298e-09
0,-3,9,-0.0863485,-2.02113e-06
0,-2,2,-0.345581,-0.000590472
0,-2,1,-0.419912,-2.33501e-08
0,-2,3,-0.242866,7.86283e-08
0,-2,4,-0.18779,-2.24336e-08
0,-2,5,-0.153248,1.04937e-08
0,-2,6,-0.127786,0.00839372
0,-2,7,-0.111045,2.21137e-10
0,-2,9,-0.0868842,-6.74027e-09
0,-2,8,-0.0969861,-4.79441e-08
0,-1,2,-0.358447,-4.48672e-08
0,-1,1,-0.625201,-0.00118094
0,-2,10,-0.0780586,-9.92449e-08
0,-1,3,-0.253897,0.0167874
0,-1,5,-0.15514,-1.9849e-07
0,-1,4,-0.189472,-9.58882e-08
0,-1,6,-0.128855,1.6688e-06
0,-1,7,-0.11161,2.65434e-05
0,-1,8,-0.0974006,-9.52556e-12
0,-1,9,-0.0871867,5.78959e-06
0,-1,10,-0.0783045,-4.68617e-10
0,0,1,-0.722961,-8.18105e-14
0,0,3,-0.255919,-2.91294e-14
0,0,2,-0.362451,-4.43479e-14
0,0,4,-0.191118,-2.14806e-14
0,0,5,-0.155578,-1.85865e-14
0,0,7,-0.111812,-1.27724e-14
0,0,6,-0.129158,-1.30435e-14
0,0,10,-0.0783854,-8.46704e-15
0,0,8,-0.0976016,-1.11758e-14
0,0,9,-0.0872421,-9.92739e-15
0,1,1,-0.625201,1.48147e-05
0,1,2,-0.358447,4.97831e-08
0,1,4,-0.189472,-8.60869e-08
0,1,3,-0.253897,-3.25108e-06
0,1,6,-0.128855,1.66893e-06
0,1,5,-0.15514,1.99359e-07
0,1,7,-0.11161,-2.64999e-05
0,1,8,-0.0974006,8.82505e-12
0,1,9,-0.0871867,5.78955e-06
0,1,10,-0.0783045,-9.89445e-11
0,2,1,-0.419912,2.3345e-08
0,2,2,-0.345581,7.40735e-06
0,2,3,-0.242866,-2.67413e-08
0,2,5,-0.153248,9.49828e-09
0,2,4,-0.18779,2.48915e-08
0,2,6,-0.127786,-1.62554e-06
0,2,7,-0.111045,-1.15387e-09
0,2,8,-0.0969861,-4.30435e-08
0,2,9,-0.0868842,-8.07928e-09
0,2,10,-0.0780586,9.96795e-08
0,3,4,-0.184056,-2.95967e-10
0,3,1,-0.27564,-0.00162835
0,3,2,-0.290204,-3.09624e-09
0,3,3,-0.233592,5.45781e-06
0,3,5,-0.14939,7.08113e-08
0,3,6,-0.127093,1.19839e-10
0,3,8,-0.0964287,1.63375e-09
0,3,7,-0.109643,-4.47723e-11
0,3,9,-0.0863485,-2.10566e-06
0,4,1,-0.208468,-1.96848e-09
0,3,10,-0.0777499,-1.92374e-11
0,4,2,-0.216557,1.16725e-08
0,4,3,-0.217505,-2.36661e-09
0,4,5,-0.146929,2.38999e-08
0,4,4,-0.176672,3.70367e-06
0,4,7,-0.108,1.82518e-08
0,4,6,-0.124897,-1.33706e-08
0,4,8,-0.0959164,1.24458e-08
0,4,10,-0.0774257,4.74914e-09
0,5,1,-0.165859,-7.27729e-05
0,4,9,-0.085386,2.2624e-10
0,5,3,-0.179631,2.78308e-05
0,5,2,-0.170818,-3.51547e-08
0,5,4,-0.170436,-1.75977e-06
0,5,6,-0.122103,9.962e-08
0,5,5,-0.142701,0.000147224
0,5,8,-0.0944224,-2.66366e-09
0,5,7,-0.106916,-1.06336e-06
0,5,9,-0.0846618,1.37337e-05
0,5,10,-0.0769134,2.76847e-09
0,6,1,-0.139016,1.39496e-10
0,6,2,-0.141223,-0.000814175
0,6,4,-0.152658,-1.54812e-09
0,6,3,-0.145785,7.72027e-08
0,6,5,-0.1385,0.00746342
0,6,6,-0.119717,2.7289e-06
0,6,8,-0.09316,-1.47983e-10
0,6,7,-0.104739,-3.76859e-05
0,6,9,-0.0839223,-2.8463e-08
0,7,1,-0.118802,7.22325e-06
0,6,10,-0.0759191,3.54056e-08
0,7,2,-0.120684,1.49196e-05
0,7,3,-0.123666,1.11429e-05
0,7,4,-0.12801,-1.49336e-05
0,7,7,-0.102896,-2.36583e-07
0,7,5,-0.130969,5.65969e-07
0,7,6,-0.116381,1.90686e-07
0,7,10,-0.0752869,1.63131e-08
0,7,8,-0.0918068,2.73264e-07
0,7,9,-0.0826248,4.77455e-07
0,8,1,-0.104383,-1.94121e-10
0,8,2,-0.105262,-9.84241e-10
0,8,3,-0.107146,5.75468e-07
0,8,4,-0.110239,5.83626e-09
0,8,5,-0.114543,4.77336e-07
0,8,6,-0.11299,-1.1833e-09
0,8,7,-0.100535,3.88145e-07
0,8,8,-0.0901423,1.85184e-06
0,8,9,-0.0816281,-8.18353e-10
0,9,1,-0.0925872,-1.53545e-06
0,8,10,-0.0743549,1.19499e-08
0,9,2,-0.0935077,8.32065e-08
0,9,4,-0.0967607,-3.62958e-08
0,9,3,-0.0948547,-0.000482262
0,9,5,-0.0996026,-2.30871e-09
0,9,6,-0.103434,4.68715e-10
0,9,7,-0.0983261,2.10012e-08
0,9,8,-0.0885635,1.5341e-08
0,9,10,-0.0734029,8.74669e-08
0,9,9,-0.0802707,-0.122938
0,10,1,-0.0835932,-1.69897e-08
0,10,2,-0.0840188,-3.63864e-05
0,10,3,-0.0849727,1.85446e-09
0,10,4,-0.0864812,-1.75773e-08
0,10,6,-0.0910745,1.39154e-05
0,10,7,-0.0935194,-1.89616e-05
0,10,5,-0.0884781,-6.44859e-09
0,10,8,-0.0866978,-8.79887e-07
0,10,9,-0.0790674,-1.78984e-07
0,10,10,-0.0724091,7.36118e-05
0,2,0,-0.386206,-4.60695e-14
0,1,0,-0.788006,-9.21791e-14
0,3,0,-0.27736,-3.07376e-14
0,4,0,-0.20145,-2.30362e-14
0,6,0,-0.136259,-1.53665e-14
0,5,0,-0.167274,-1.84514e-14
0,7,0,-0.119711,-1.3168e-14
0,8,0,-0.10294,-1.15191e-14
0,9,0,-0.0932029,-1.02427e-14
0,10,0,-0.0827126,-9.21604e-15
